[
{
  "model": "easy_thumbnails.source",
  "pk": 1,
  "fields": {
    "storage_hash": "8adbdb2d4a9ef8386de161b6c743c716",
    "name": "site/logo/ONfcLYVXDyWAiqAHWaoESz985e2q81UNl6bVCKt2ujP3LTPe1EQr7q9j41f7iEiE9BW8iijc-photo_hfSanyM.jpg",
    "modified": "2026-04-08T14:38:26.277Z"
  }
},
{
  "model": "easy_thumbnails.source",
  "pk": 2,
  "fields": {
    "storage_hash": "8adbdb2d4a9ef8386de161b6c743c716",
    "name": "site/logo/zgn0PRnAD12VIOmkX9r7ijIuosuOF52Ci6JJZMXGiayleGuVZ9p54wREEPFA9weOvj9iYsmo-photo_10Ns1lb.jpg",
    "modified": "2026-04-09T11:59:49.112Z"
  }
},
{
  "model": "easy_thumbnails.source",
  "pk": 3,
  "fields": {
    "storage_hash": "8adbdb2d4a9ef8386de161b6c743c716",
    "name": "site/logo/s8o1dwAXNaTof3Oiu2JaQYVmdDQsfQW7pZHyYvXphjtDYN1692pdeb7psQf0fZtGzAMraDu1-photo_Pt1YJ1Q.jpg",
    "modified": "2026-04-09T12:44:35.000Z"
  }
},
{
  "model": "easy_thumbnails.source",
  "pk": 4,
  "fields": {
    "storage_hash": "8adbdb2d4a9ef8386de161b6c743c716",
    "name": "site/logo/geSlCIkZzXOUXcgrMjLg1CO9lURh9liU883ovV5WSlTsOSo4wOyfWjq9T4FvAEYbxPFx0HR7-kR5rT_pur4A0X.jpg",
    "modified": "2026-04-09T12:51:19.128Z"
  }
},
{
  "model": "easy_thumbnails.source",
  "pk": 5,
  "fields": {
    "storage_hash": "823b5b5ff7fa92981c2bd9edfcd7af7e",
    "name": "questions/aLLouu2WMNVF81BBSwRWe9Jh7HrgtOrE6moOmC17wPR4l0gSvmis00P3LdJde8w8qDNKiNOiwQCTt7_RcksrIn.png",
    "modified": "2026-04-09T16:36:19.326Z"
  }
},
{
  "model": "user.gradecategories",
  "pk": 1,
  "fields": {
    "order": 1,
    "name": "دهم علوم تجربی",
    "is_active": true
  }
},
{
  "model": "user.gradecategories",
  "pk": 2,
  "fields": {
    "order": 1,
    "name": "یازدهم علوم تجربی",
    "is_active": true
  }
},
{
  "model": "user.gradecategories",
  "pk": 3,
  "fields": {
    "order": 1,
    "name": "دوازدهم علوم تجربی",
    "is_active": true
  }
},
{
  "model": "user.gradecategories",
  "pk": 4,
  "fields": {
    "order": 1,
    "name": "مصحح",
    "is_active": true
  }
},
{
  "model": "user.majorcategories",
  "pk": 1,
  "fields": {
    "order": 1,
    "name": "گروه ریاضی فیزیک",
    "is_active": true
  }
},
{
  "model": "user.majorcategories",
  "pk": 2,
  "fields": {
    "order": 1,
    "name": "گروه علوم تجربی",
    "is_active": true
  }
},
{
  "model": "user.majorcategories",
  "pk": 3,
  "fields": {
    "order": 1,
    "name": "گروه علوم انسانی",
    "is_active": true
  }
},
{
  "model": "user.majorcategories",
  "pk": 4,
  "fields": {
    "order": 1,
    "name": "مصحح",
    "is_active": true
  }
},
{
  "model": "user.user",
  "pk": 1,
  "fields": {
    "password": "pbkdf2_sha256$1000000$Hi4zyJAa2cYr7JwvPgVse6$hbpdBKCleF3CtfjvGmcXWiD2zR0VK5+nWqwO8VRGj4c=",
    "last_login": "2026-04-20T14:20:28.945Z",
    "is_superuser": true,
    "first_name": "مصطفی",
    "last_name": "ابراهیم زاده",
    "email": "",
    "is_staff": true,
    "is_active": true,
    "date_joined": "2026-04-08T13:56:10.427Z",
    "father_name": "نعیم",
    "gender": "M",
    "PhoneNumber": "0937 306 1991",
    "national_id": "5260362820",
    "province": "خوزستان",
    "city": "شوش دانیال",
    "school": "دانشمند",
    "grade": 1,
    "major": 1,
    "birth": "2003-10-17T20:30:00Z",
    "private_code": null,
    "otp": null,
    "login_temp": 0,
    "otp_expiry_date": null,
    "type_of_user": "S",
    "is_verified": true,
    "groups": [],
    "user_permissions": []
  }
},
{
  "model": "user.user",
  "pk": 2,
  "fields": {
    "password": "pbkdf2_sha256$1000000$5DJofsCVhMuGOp8EeJukVg$HfjqU/mom0NezerB75GFip+mrkbHk6y7vbnjLrygd+w=",
    "last_login": "2026-04-27T18:04:57.875Z",
    "is_superuser": true,
    "first_name": "ابولفضل",
    "last_name": "عقیلی",
    "email": "",
    "is_staff": true,
    "is_active": true,
    "date_joined": "2026-04-08T13:56:57.947Z",
    "father_name": ".",
    "gender": "M",
    "PhoneNumber": "0903 601 4847",
    "national_id": "564654",
    "province": ".",
    "city": ".",
    "school": ".",
    "grade": 1,
    "major": 2,
    "birth": "2026-04-07T20:30:00Z",
    "private_code": null,
    "otp": null,
    "login_temp": 0,
    "otp_expiry_date": null,
    "type_of_user": "S",
    "is_verified": true,
    "groups": [],
    "user_permissions": []
  }
},
{
  "model": "user.user",
  "pk": 3,
  "fields": {
    "password": "pbkdf2_sha256$1000000$e7eAuExNBOiMt6wXhrFvLf$k7BtWTzioXTHGYQs2V1G7or7I5uKc6wizLP4N/Pu/vs=",
    "last_login": "2026-04-08T15:17:25.381Z",
    "is_superuser": false,
    "first_name": "مصطفی",
    "last_name": "ابراهیم زاده",
    "email": "",
    "is_staff": false,
    "is_active": true,
    "date_joined": "2026-04-08T15:16:53.509Z",
    "father_name": "نعیم",
    "gender": "M",
    "PhoneNumber": "0916 635 5689",
    "national_id": "5260362829",
    "province": "خوزستان",
    "city": "شوش دانیال",
    "school": "دانشمند",
    "grade": 3,
    "major": 1,
    "birth": "2003-10-21T20:30:00Z",
    "private_code": null,
    "otp": null,
    "login_temp": 0,
    "otp_expiry_date": null,
    "type_of_user": "R",
    "is_verified": true,
    "groups": [],
    "user_permissions": []
  }
},
{
  "model": "user.user",
  "pk": 6,
  "fields": {
    "password": "pbkdf2_sha256$1000000$BwnOeKg9cAiDHmq3xWH2Vp$Z3ZO32Gcxq8BBeNR9p10wyLqR3sdDIXJDb0+Bj2OagI=",
    "last_login": "2026-04-10T09:38:44Z",
    "is_superuser": false,
    "first_name": "محسن",
    "last_name": "برزگر",
    "email": "",
    "is_staff": true,
    "is_active": true,
    "date_joined": "2026-04-10T09:26:53Z",
    "father_name": "علی",
    "gender": "M",
    "PhoneNumber": "0913 778 2488",
    "national_id": "5439896181",
    "province": "یزد",
    "city": "مروست",
    "school": "علیم",
    "grade": 1,
    "major": 2,
    "birth": "2007-03-27T20:30:00Z",
    "private_code": null,
    "otp": null,
    "login_temp": 0,
    "otp_expiry_date": null,
    "type_of_user": "S",
    "is_verified": true,
    "groups": [],
    "user_permissions": []
  }
},
{
  "model": "user.user",
  "pk": 7,
  "fields": {
    "password": "pbkdf2_sha256$1000000$2Zkn2XOFXCcOjIpq3ddh0h$3+hxTpb2J7ZNdQhpqSYQH3VydzIYpkXPVJlqWJaerAI=",
    "last_login": "2026-04-18T19:34:44Z",
    "is_superuser": false,
    "first_name": "محمد",
    "last_name": "توانگر",
    "email": "",
    "is_staff": false,
    "is_active": true,
    "date_joined": "2026-04-10T09:40:21Z",
    "father_name": "علی",
    "gender": "M",
    "PhoneNumber": "0916 215 9667",
    "national_id": "1111111111",
    "province": "یزد",
    "city": "مروست",
    "school": "عسکری",
    "grade": 1,
    "major": 2,
    "birth": "2026-04-05T20:30:00Z",
    "private_code": null,
    "otp": null,
    "login_temp": 0,
    "otp_expiry_date": null,
    "type_of_user": "R",
    "is_verified": true,
    "groups": [],
    "user_permissions": []
  }
},
{
  "model": "user.user",
  "pk": 9,
  "fields": {
    "password": "pbkdf2_sha256$1000000$gb3l4qSUD2GtKFmZtCclRQ$XhvlOy1NLQM5xS8bpsdqyyHvimewV8QtKE3+dv6miCs=",
    "last_login": "2026-04-11T15:03:20Z",
    "is_superuser": false,
    "first_name": "حسین",
    "last_name": "جلالی",
    "email": "",
    "is_staff": false,
    "is_active": false,
    "date_joined": "2026-04-10T09:46:02Z",
    "father_name": "علی",
    "gender": "M",
    "PhoneNumber": "0913 452 3309",
    "national_id": "1111111113",
    "province": "یزد",
    "city": "مروست",
    "school": "عسکری",
    "grade": 1,
    "major": 2,
    "birth": "2026-04-06T20:30:00Z",
    "private_code": null,
    "otp": null,
    "login_temp": 0,
    "otp_expiry_date": null,
    "type_of_user": "R",
    "is_verified": false,
    "groups": [],
    "user_permissions": []
  }
},
{
  "model": "user.user",
  "pk": 10,
  "fields": {
    "password": "pbkdf2_sha256$1000000$4yGOtq1HcRH8JAENlPZb3C$VPEbETu2ee5YcVjVITsMTvScAhw32Rt1WpXG2ut7wvc=",
    "last_login": "2026-04-18T18:02:44Z",
    "is_superuser": false,
    "first_name": "ابوالفضل",
    "last_name": "قانع",
    "email": "",
    "is_staff": true,
    "is_active": true,
    "date_joined": "2026-04-10T09:47:55Z",
    "father_name": "علیرضا",
    "gender": "M",
    "PhoneNumber": "0913 354 6047",
    "national_id": "5430026301",
    "province": "یزد",
    "city": "مروست",
    "school": "عسگری",
    "grade": 1,
    "major": 2,
    "birth": "2007-04-04T20:30:00Z",
    "private_code": null,
    "otp": null,
    "login_temp": 0,
    "otp_expiry_date": null,
    "type_of_user": "S",
    "is_verified": true,
    "groups": [],
    "user_permissions": []
  }
},
{
  "model": "user.user",
  "pk": 11,
  "fields": {
    "password": "pbkdf2_sha256$1000000$yWtjJbS4lEkdP4xWdTU6YC$J6JioYxirah0w0PyACkslsdmRaN6sTiVK0H+ki04UPY=",
    "last_login": "2026-04-11T15:02:19Z",
    "is_superuser": false,
    "first_name": "امیر علی",
    "last_name": "مولایی",
    "email": "",
    "is_staff": false,
    "is_active": false,
    "date_joined": "2026-04-10T09:51:55Z",
    "father_name": "علی",
    "gender": "M",
    "PhoneNumber": "0905 905 9842",
    "national_id": "1111111114",
    "province": "یزد",
    "city": "مروست",
    "school": "عسکری",
    "grade": 1,
    "major": 2,
    "birth": "2026-04-08T20:30:00Z",
    "private_code": null,
    "otp": null,
    "login_temp": 0,
    "otp_expiry_date": null,
    "type_of_user": "R",
    "is_verified": false,
    "groups": [],
    "user_permissions": []
  }
},
{
  "model": "user.user",
  "pk": 12,
  "fields": {
    "password": "pbkdf2_sha256$1000000$WVgcOpO2VjHckNSmepmeWi$93bsBYkuo7yqnWfsmsrbUByFOb3rz/MrGIrrI1GzDiI=",
    "last_login": "2026-04-10T13:50:32Z",
    "is_superuser": false,
    "first_name": "امیر محمد",
    "last_name": "مولایی",
    "email": "",
    "is_staff": false,
    "is_active": false,
    "date_joined": "2026-04-10T09:54:57Z",
    "father_name": "علی",
    "gender": "M",
    "PhoneNumber": "0991 325 0881",
    "national_id": "1111111115",
    "province": "یزد",
    "city": "مروست",
    "school": "عسکری",
    "grade": 1,
    "major": 2,
    "birth": "2026-04-08T20:30:00Z",
    "private_code": null,
    "otp": null,
    "login_temp": 0,
    "otp_expiry_date": null,
    "type_of_user": "R",
    "is_verified": false,
    "groups": [],
    "user_permissions": []
  }
},
{
  "model": "user.user",
  "pk": 13,
  "fields": {
    "password": "pbkdf2_sha256$1000000$3j0rRHH6UOMWXon6uyXui9$kP5wvjZehkGXP2soaCp7wHNHldj5rhaPH74P8cSS+JI=",
    "last_login": "2026-04-11T16:51:00Z",
    "is_superuser": false,
    "first_name": "فربد",
    "last_name": "دهقان",
    "email": "",
    "is_staff": false,
    "is_active": false,
    "date_joined": "2026-04-10T12:41:51Z",
    "father_name": "علی",
    "gender": "M",
    "PhoneNumber": "0918 453 5838",
    "national_id": "1111111116",
    "province": "یزد",
    "city": "مروست",
    "school": "عسکری",
    "grade": 1,
    "major": 2,
    "birth": "2026-04-08T20:30:00Z",
    "private_code": null,
    "otp": null,
    "login_temp": 0,
    "otp_expiry_date": null,
    "type_of_user": "R",
    "is_verified": false,
    "groups": [],
    "user_permissions": []
  }
},
{
  "model": "user.user",
  "pk": 14,
  "fields": {
    "password": "pbkdf2_sha256$1000000$F3I0wvPsclLbCilthtk0W2$DM5CXp+Fya9raI648s3uZF+xNNBQxnICXy7I/KhnWzQ=",
    "last_login": null,
    "is_superuser": false,
    "first_name": "علیرضا",
    "last_name": "صادقی",
    "email": "",
    "is_staff": false,
    "is_active": false,
    "date_joined": "2026-04-10T12:47:36Z",
    "father_name": "علی",
    "gender": "M",
    "PhoneNumber": "0913 953 0858",
    "national_id": "1111111117",
    "province": "یزد",
    "city": "مروست",
    "school": "عسکری",
    "grade": 1,
    "major": 2,
    "birth": "2026-04-08T20:30:00Z",
    "private_code": null,
    "otp": null,
    "login_temp": 0,
    "otp_expiry_date": null,
    "type_of_user": "R",
    "is_verified": false,
    "groups": [],
    "user_permissions": []
  }
},
{
  "model": "user.user",
  "pk": 15,
  "fields": {
    "password": "pbkdf2_sha256$1000000$NGRWjHEiTF4JrdrgshZZ4e$+SkyyQfr24o2XylXw9uHYaFo1yeTDFaR77BadG8KN2g=",
    "last_login": "2026-04-19T07:21:25Z",
    "is_superuser": false,
    "first_name": "علی اکبر",
    "last_name": "فلاحتی",
    "email": "",
    "is_staff": false,
    "is_active": false,
    "date_joined": "2026-04-10T12:49:34Z",
    "father_name": "علی",
    "gender": "M",
    "PhoneNumber": "0993 218 9813",
    "national_id": "1111111118",
    "province": "یزد",
    "city": "مروست",
    "school": "عسکری",
    "grade": 1,
    "major": 2,
    "birth": "2026-04-08T20:30:00Z",
    "private_code": null,
    "otp": null,
    "login_temp": 0,
    "otp_expiry_date": null,
    "type_of_user": "R",
    "is_verified": false,
    "groups": [],
    "user_permissions": []
  }
},
{
  "model": "user.user",
  "pk": 16,
  "fields": {
    "password": "pbkdf2_sha256$1000000$u0fLJt0etK6CY00zfjM39O$wD/2TMj4W2BObCIzLk/AzuHIMbkiEspcgekafp9ffKU=",
    "last_login": "2026-04-11T16:47:17Z",
    "is_superuser": false,
    "first_name": "محمد عارف",
    "last_name": "فلاحتی",
    "email": "",
    "is_staff": false,
    "is_active": false,
    "date_joined": "2026-04-10T12:55:15Z",
    "father_name": "علی",
    "gender": "M",
    "PhoneNumber": "0916 479 7791",
    "national_id": "1111111119",
    "province": "یزد",
    "city": "مروست",
    "school": "عسکری",
    "grade": 1,
    "major": 2,
    "birth": "2026-04-08T20:30:00Z",
    "private_code": null,
    "otp": null,
    "login_temp": 0,
    "otp_expiry_date": null,
    "type_of_user": "R",
    "is_verified": false,
    "groups": [],
    "user_permissions": []
  }
},
{
  "model": "user.user",
  "pk": 17,
  "fields": {
    "password": "pbkdf2_sha256$1000000$zhZsRgMRzbmDWCjXTtNget$rl/jcrM4FsVsRHmInmK4tZiRHoriAWIprj+xpTcXQqk=",
    "last_login": "2026-04-26T15:49:14.316Z",
    "is_superuser": false,
    "first_name": "عادل",
    "last_name": "قنبری",
    "email": "",
    "is_staff": false,
    "is_active": true,
    "date_joined": "2026-04-10T13:34:06Z",
    "father_name": "علی",
    "gender": "M",
    "PhoneNumber": "0913 452 8876",
    "national_id": "1111111110",
    "province": "یزد",
    "city": "مروست",
    "school": "عسکری",
    "grade": 1,
    "major": 2,
    "birth": "2026-04-08T20:30:00Z",
    "private_code": null,
    "otp": null,
    "login_temp": 0,
    "otp_expiry_date": null,
    "type_of_user": "R",
    "is_verified": true,
    "groups": [],
    "user_permissions": []
  }
},
{
  "model": "user.user",
  "pk": 18,
  "fields": {
    "password": "pbkdf2_sha256$1000000$dh7ztUmlXR3xYvGUZJzz4A$Egg+D7lt0lPMVjqkPt+tcAUsBetRbUaU/ngCBvWiSds=",
    "last_login": null,
    "is_superuser": false,
    "first_name": "محمد مهدی",
    "last_name": "قصاب باشی",
    "email": "",
    "is_staff": false,
    "is_active": false,
    "date_joined": "2026-04-10T13:36:10Z",
    "father_name": "علی",
    "gender": "M",
    "PhoneNumber": "0913 453 7301",
    "national_id": "1111111100",
    "province": "یزد",
    "city": "مروست",
    "school": "عسکری",
    "grade": 1,
    "major": 2,
    "birth": "2026-04-09T20:30:00Z",
    "private_code": null,
    "otp": null,
    "login_temp": 0,
    "otp_expiry_date": null,
    "type_of_user": "R",
    "is_verified": false,
    "groups": [],
    "user_permissions": []
  }
},
{
  "model": "user.user",
  "pk": 19,
  "fields": {
    "password": "pbkdf2_sha256$1000000$vjKZKbci3QnoNcMORMzSEg$wXZvMDXd5w9+UWlIKxCah0P0XUd/IPTsDBBAB1s1yuI=",
    "last_login": "2026-04-17T16:56:56Z",
    "is_superuser": false,
    "first_name": "علیرضا",
    "last_name": "رحیمی نژاد",
    "email": "",
    "is_staff": false,
    "is_active": false,
    "date_joined": "2026-04-10T13:44:49Z",
    "father_name": "علی",
    "gender": "M",
    "PhoneNumber": "0993 718 5015",
    "national_id": "1111111000",
    "province": "یزد",
    "city": "مروست",
    "school": "عسکری",
    "grade": 1,
    "major": 2,
    "birth": "2026-04-09T20:30:00Z",
    "private_code": null,
    "otp": null,
    "login_temp": 0,
    "otp_expiry_date": null,
    "type_of_user": "R",
    "is_verified": false,
    "groups": [],
    "user_permissions": []
  }
},
{
  "model": "user.user",
  "pk": 20,
  "fields": {
    "password": "pbkdf2_sha256$1000000$LjoIRG3Ztjdt2fOC2V9d7p$29buOYpeLbrFQOdn3bNXH6rlRSEPi0A5jYhYud/ZFpI=",
    "last_login": "2026-04-18T19:37:52.251Z",
    "is_superuser": false,
    "first_name": "یونس",
    "last_name": "حدادی",
    "email": "",
    "is_staff": true,
    "is_active": true,
    "date_joined": "2026-04-18T17:54:59Z",
    "father_name": "حسین",
    "gender": "M",
    "PhoneNumber": "0939 103 2505",
    "national_id": "5555555555",
    "province": "یزد",
    "city": "مهریز",
    "school": "نمونه کاشانی",
    "grade": 4,
    "major": 4,
    "birth": "2004-02-05T20:30:00Z",
    "private_code": null,
    "otp": null,
    "login_temp": 0,
    "otp_expiry_date": null,
    "type_of_user": "S",
    "is_verified": true,
    "groups": [],
    "user_permissions": []
  }
},
{
  "model": "user.user",
  "pk": 21,
  "fields": {
    "password": "pbkdf2_sha256$1000000$iTUAdtjen9skFWUIdYYUEs$b0n6nZel4MXqRmiOilAtNcor2iWuMpoOhHLheMOHXWE=",
    "last_login": "2026-04-27T19:05:18.240Z",
    "is_superuser": false,
    "first_name": "سید طاهر",
    "last_name": "طباطبایی مهریزی",
    "email": "",
    "is_staff": false,
    "is_active": true,
    "date_joined": "2026-04-22T17:21:01.594Z",
    "father_name": "سید محسن",
    "gender": "M",
    "PhoneNumber": "0902 691 6611",
    "national_id": "4421673171",
    "province": "یزد",
    "city": "مهریز",
    "school": "نمونه کاشانی",
    "grade": 3,
    "major": 2,
    "birth": "2008-09-02T19:30:00Z",
    "private_code": null,
    "otp": null,
    "login_temp": 0,
    "otp_expiry_date": null,
    "type_of_user": "R",
    "is_verified": true,
    "groups": [],
    "user_permissions": []
  }
},
{
  "model": "user.user",
  "pk": 22,
  "fields": {
    "password": "pbkdf2_sha256$1000000$hMRk1eyFSnm1k6jv5T4lD0$i+abXw+GjsKtgee8PnDjtIPPStz+jYTQjEHDHwTwhmY=",
    "last_login": "2026-04-27T19:06:53.209Z",
    "is_superuser": false,
    "first_name": "سید طاها",
    "last_name": "طباطبایی مهریزی",
    "email": "",
    "is_staff": false,
    "is_active": true,
    "date_joined": "2026-04-22T17:35:40.129Z",
    "father_name": "سید محسن",
    "gender": "M",
    "PhoneNumber": "0991 322 8236",
    "national_id": "4421673161",
    "province": "یزد",
    "city": "مهریز",
    "school": "نمونه کاشانی",
    "grade": 3,
    "major": 2,
    "birth": "2009-01-31T20:30:00Z",
    "private_code": null,
    "otp": null,
    "login_temp": 0,
    "otp_expiry_date": null,
    "type_of_user": "R",
    "is_verified": true,
    "groups": [],
    "user_permissions": []
  }
},
{
  "model": "user.user",
  "pk": 24,
  "fields": {
    "password": "pbkdf2_sha256$1000000$Hf87r5Sd9lS6QFayTu6L5Q$OA2TBcNmUOD4PJoXS5MmyRK9wpkyWXErxrUmVlcLvXw=",
    "last_login": "2026-04-23T14:02:21.589Z",
    "is_superuser": false,
    "first_name": "مریم سادات",
    "last_name": "هاشمی",
    "email": "",
    "is_staff": false,
    "is_active": true,
    "date_joined": "2026-04-22T17:41:14.166Z",
    "father_name": "سید مسعود",
    "gender": "F",
    "PhoneNumber": "0919 932 6379",
    "national_id": "3381638165",
    "province": "یزد",
    "city": "مهریز",
    "school": "فدک",
    "grade": 3,
    "major": 2,
    "birth": "2006-11-10T20:30:00Z",
    "private_code": null,
    "otp": null,
    "login_temp": 2,
    "otp_expiry_date": null,
    "type_of_user": "R",
    "is_verified": true,
    "groups": [],
    "user_permissions": []
  }
},
{
  "model": "user.user",
  "pk": 25,
  "fields": {
    "password": "pbkdf2_sha256$1000000$4My0KpmVrKqRBwaTFDSCCX$unn0DE+vBtpGnnLDS6Yo4EA8LtmMfiCyfD1wF1haTWE=",
    "last_login": null,
    "is_superuser": false,
    "first_name": "مانی",
    "last_name": "نیکوکار",
    "email": "",
    "is_staff": false,
    "is_active": true,
    "date_joined": "2026-04-22T18:34:07.866Z",
    "father_name": "علی",
    "gender": "M",
    "PhoneNumber": "0993 537 5672",
    "national_id": "000",
    "province": "یزد",
    "city": "هرات",
    "school": "امام حسین",
    "grade": 3,
    "major": 2,
    "birth": "2026-04-09T20:30:00Z",
    "private_code": null,
    "otp": null,
    "login_temp": 0,
    "otp_expiry_date": null,
    "type_of_user": "R",
    "is_verified": true,
    "groups": [],
    "user_permissions": []
  }
},
{
  "model": "user.user",
  "pk": 26,
  "fields": {
    "password": "pbkdf2_sha256$1000000$RgvVPNFSP7hD6FGnEV0FUC$AwfH9AeQMCj48EkO4kgYZczatr2W0c7W1SnZ2aPojNY=",
    "last_login": null,
    "is_superuser": false,
    "first_name": "حسین",
    "last_name": "ارجمندی",
    "email": "",
    "is_staff": false,
    "is_active": true,
    "date_joined": "2026-04-22T18:35:36.169Z",
    "father_name": "علی",
    "gender": "M",
    "PhoneNumber": "0910 337 8155",
    "national_id": "2021",
    "province": "یزد",
    "city": "هرات",
    "school": "امام حسین",
    "grade": 3,
    "major": 2,
    "birth": "2026-04-09T20:30:00Z",
    "private_code": null,
    "otp": null,
    "login_temp": 0,
    "otp_expiry_date": null,
    "type_of_user": "R",
    "is_verified": true,
    "groups": [],
    "user_permissions": []
  }
},
{
  "model": "user.user",
  "pk": 27,
  "fields": {
    "password": "pbkdf2_sha256$1000000$jsas6KIvllB0CZj9KsX8to$2br91EhHBJOood+YC/1GCJUSn3JHqrvh7IG0TV8FIOc=",
    "last_login": null,
    "is_superuser": false,
    "first_name": "امیر محمد",
    "last_name": "اسلامی",
    "email": "",
    "is_staff": false,
    "is_active": true,
    "date_joined": "2026-04-22T18:37:33.316Z",
    "father_name": "علی",
    "gender": "M",
    "PhoneNumber": "0913 455 8508",
    "national_id": "2022",
    "province": "یزد",
    "city": "هرات",
    "school": "امام حسین",
    "grade": 3,
    "major": 2,
    "birth": "2026-04-09T20:30:00Z",
    "private_code": null,
    "otp": null,
    "login_temp": 0,
    "otp_expiry_date": null,
    "type_of_user": "R",
    "is_verified": true,
    "groups": [],
    "user_permissions": []
  }
},
{
  "model": "user.user",
  "pk": 28,
  "fields": {
    "password": "pbkdf2_sha256$1000000$hRgbwdMAYGb9IV6MYsVtFM$dsknAFPqbOdwwMVoURwGsy8NXZjoTmD4x9//fsKocX4=",
    "last_login": null,
    "is_superuser": false,
    "first_name": "محمد امین",
    "last_name": "امین زاده",
    "email": "",
    "is_staff": false,
    "is_active": true,
    "date_joined": "2026-04-22T18:39:03.343Z",
    "father_name": "علی",
    "gender": "M",
    "PhoneNumber": "0993 992 1187",
    "national_id": "2023",
    "province": "یزد",
    "city": "هرات",
    "school": "امام حسین",
    "grade": 3,
    "major": 2,
    "birth": "2026-04-09T20:30:00Z",
    "private_code": null,
    "otp": null,
    "login_temp": 0,
    "otp_expiry_date": null,
    "type_of_user": "R",
    "is_verified": true,
    "groups": [],
    "user_permissions": []
  }
},
{
  "model": "user.user",
  "pk": 29,
  "fields": {
    "password": "pbkdf2_sha256$1000000$aeecaTQMhQ2lVcceHHeArS$L/kVYHX/wOjMoS039jb7iQmGccUVbWIUwP/Bw9bWMy0=",
    "last_login": null,
    "is_superuser": false,
    "first_name": "محمد رضا",
    "last_name": "باقر زاده",
    "email": "",
    "is_staff": false,
    "is_active": true,
    "date_joined": "2026-04-22T18:40:34.516Z",
    "father_name": "علی",
    "gender": "M",
    "PhoneNumber": "0902 784 1925",
    "national_id": "2024",
    "province": "یزد",
    "city": "هرات",
    "school": "امام حسین",
    "grade": 3,
    "major": 2,
    "birth": "2026-04-08T20:30:00Z",
    "private_code": null,
    "otp": null,
    "login_temp": 0,
    "otp_expiry_date": null,
    "type_of_user": "R",
    "is_verified": true,
    "groups": [],
    "user_permissions": []
  }
},
{
  "model": "user.user",
  "pk": 30,
  "fields": {
    "password": "pbkdf2_sha256$1000000$bKZc2kZZZOUWyLxVjmWWcH$ZQXBLLor6E+/4OqTGitat58zY7be08Y9uUS8pV5OgJE=",
    "last_login": null,
    "is_superuser": false,
    "first_name": "محمد",
    "last_name": "بیات",
    "email": "",
    "is_staff": false,
    "is_active": true,
    "date_joined": "2026-04-22T18:41:47.725Z",
    "father_name": "علی",
    "gender": "M",
    "PhoneNumber": "0993 461 9047",
    "national_id": "2025",
    "province": "یزد",
    "city": "هرات",
    "school": "امام حسین",
    "grade": 3,
    "major": 2,
    "birth": "2026-04-08T20:30:00Z",
    "private_code": null,
    "otp": null,
    "login_temp": 0,
    "otp_expiry_date": null,
    "type_of_user": "R",
    "is_verified": true,
    "groups": [],
    "user_permissions": []
  }
},
{
  "model": "user.user",
  "pk": 31,
  "fields": {
    "password": "pbkdf2_sha256$1000000$bqZ4u1RpQnixiLGV0bkdC2$bmoiPvqut8Abv31KrPOIOoILzjOFAxqX8OV3ahMhLU8=",
    "last_login": null,
    "is_superuser": false,
    "first_name": "طه",
    "last_name": "پورعطائیان",
    "email": "",
    "is_staff": false,
    "is_active": true,
    "date_joined": "2026-04-22T18:42:57.969Z",
    "father_name": "علی",
    "gender": "M",
    "PhoneNumber": "0992 484 8521",
    "national_id": "2026",
    "province": "یزد",
    "city": "هرات",
    "school": "امام حسین",
    "grade": 3,
    "major": 2,
    "birth": "2026-04-09T20:30:00Z",
    "private_code": null,
    "otp": null,
    "login_temp": 0,
    "otp_expiry_date": null,
    "type_of_user": "R",
    "is_verified": true,
    "groups": [],
    "user_permissions": []
  }
},
{
  "model": "user.user",
  "pk": 32,
  "fields": {
    "password": "pbkdf2_sha256$1000000$UBgpgIZIfJq5PKMgguc6ee$ZdI+IrNeHT+4CT0gVKuSOUKINAv/VR81HBoKC4Yx+7Y=",
    "last_login": null,
    "is_superuser": false,
    "first_name": "ابوالفضل",
    "last_name": "پور کریمیان",
    "email": "",
    "is_staff": false,
    "is_active": true,
    "date_joined": "2026-04-22T18:48:19.305Z",
    "father_name": "علی",
    "gender": "M",
    "PhoneNumber": "0993 156 1283",
    "national_id": "2027",
    "province": "یزد",
    "city": "هرات",
    "school": "امام حسین",
    "grade": 3,
    "major": 2,
    "birth": "2026-04-09T20:30:00Z",
    "private_code": null,
    "otp": null,
    "login_temp": 0,
    "otp_expiry_date": null,
    "type_of_user": "R",
    "is_verified": true,
    "groups": [],
    "user_permissions": []
  }
},
{
  "model": "user.user",
  "pk": 33,
  "fields": {
    "password": "pbkdf2_sha256$1000000$WExxTDpSbLZ1eYBkeTXmyG$GL2t/qzRiIVueOts/84ERKKXbtbZUZkZ+Ma4olVYOwk=",
    "last_login": null,
    "is_superuser": false,
    "first_name": "فرزاد",
    "last_name": "پور محمدیان",
    "email": "",
    "is_staff": false,
    "is_active": true,
    "date_joined": "2026-04-22T18:49:44.267Z",
    "father_name": "علی",
    "gender": "M",
    "PhoneNumber": "0993 911 8637",
    "national_id": "2028",
    "province": "یزد",
    "city": "هرات",
    "school": "امام حسین",
    "grade": 3,
    "major": 2,
    "birth": "2026-04-09T20:30:00Z",
    "private_code": null,
    "otp": null,
    "login_temp": 0,
    "otp_expiry_date": null,
    "type_of_user": "R",
    "is_verified": true,
    "groups": [],
    "user_permissions": []
  }
},
{
  "model": "user.user",
  "pk": 34,
  "fields": {
    "password": "pbkdf2_sha256$1000000$72v1Y1dNetoz2PmdM6A7mZ$r5LyT6Bm9sShGp4+9oYT7K4lgEaC4ZeUlmx5AvX9nZM=",
    "last_login": null,
    "is_superuser": false,
    "first_name": "محمد صالح",
    "last_name": "حیدری",
    "email": "",
    "is_staff": false,
    "is_active": true,
    "date_joined": "2026-04-22T18:52:07.057Z",
    "father_name": "علی",
    "gender": "M",
    "PhoneNumber": "0914 171 6587",
    "national_id": "2029",
    "province": "یزد",
    "city": "هرات",
    "school": "امام حسین",
    "grade": 3,
    "major": 2,
    "birth": "2026-04-09T20:30:00Z",
    "private_code": null,
    "otp": null,
    "login_temp": 0,
    "otp_expiry_date": null,
    "type_of_user": "R",
    "is_verified": true,
    "groups": [],
    "user_permissions": []
  }
},
{
  "model": "user.user",
  "pk": 35,
  "fields": {
    "password": "pbkdf2_sha256$1000000$zrGSeyGhYsBTAfqxPERoXB$PLBp72+nNN7hx5U5eeYlq9/Xx+0dPYaS26Nff7VkzC4=",
    "last_login": null,
    "is_superuser": false,
    "first_name": "مهدی",
    "last_name": "حیدری",
    "email": "",
    "is_staff": false,
    "is_active": true,
    "date_joined": "2026-04-22T18:56:19.298Z",
    "father_name": "علی",
    "gender": "M",
    "PhoneNumber": "0993 316 0688",
    "national_id": "2030",
    "province": "یزد",
    "city": "هرات",
    "school": "امام حسین",
    "grade": 3,
    "major": 2,
    "birth": "2026-04-09T20:30:00Z",
    "private_code": null,
    "otp": null,
    "login_temp": 0,
    "otp_expiry_date": null,
    "type_of_user": "R",
    "is_verified": true,
    "groups": [],
    "user_permissions": []
  }
},
{
  "model": "user.user",
  "pk": 36,
  "fields": {
    "password": "pbkdf2_sha256$1000000$mQQne3upM34iQqKv4amWge$iCOgAC12oK62DQP+jaueumjFRllp6CniuBlujTQpxs4=",
    "last_login": "2026-04-26T15:02:02.195Z",
    "is_superuser": false,
    "first_name": "محمد امین",
    "last_name": "خبری",
    "email": "",
    "is_staff": false,
    "is_active": true,
    "date_joined": "2026-04-22T18:57:48.082Z",
    "father_name": "علی",
    "gender": "M",
    "PhoneNumber": "0992 655 8759",
    "national_id": "2032",
    "province": "یزد",
    "city": "هرات",
    "school": "امام حسین",
    "grade": 3,
    "major": 2,
    "birth": "2026-04-09T20:30:00Z",
    "private_code": null,
    "otp": null,
    "login_temp": 0,
    "otp_expiry_date": null,
    "type_of_user": "R",
    "is_verified": true,
    "groups": [],
    "user_permissions": []
  }
},
{
  "model": "user.user",
  "pk": 37,
  "fields": {
    "password": "pbkdf2_sha256$1000000$cK9OcoBPAuMlxnUxQM7Pvk$wLZVyZQdxoL7b4ujcGeiG1BYkYzt3RynkUMNwV2iD8A=",
    "last_login": null,
    "is_superuser": false,
    "first_name": "رضا",
    "last_name": "نوروز زاده",
    "email": "",
    "is_staff": false,
    "is_active": true,
    "date_joined": "2026-04-22T18:58:59.934Z",
    "father_name": "علی",
    "gender": "M",
    "PhoneNumber": "0916 253 1544",
    "national_id": "2031",
    "province": "یزد",
    "city": "هرات",
    "school": "امام حسین",
    "grade": 3,
    "major": 2,
    "birth": "2026-04-09T20:30:00Z",
    "private_code": null,
    "otp": null,
    "login_temp": 0,
    "otp_expiry_date": null,
    "type_of_user": "R",
    "is_verified": true,
    "groups": [],
    "user_permissions": []
  }
},
{
  "model": "user.user",
  "pk": 38,
  "fields": {
    "password": "pbkdf2_sha256$1000000$CqPrZwPigRtDpsSKPeZHBt$NoACPRMrUHvhj/Dqj+mQQm5XCMN1Q/l+djwJmjozE0E=",
    "last_login": null,
    "is_superuser": false,
    "first_name": "امیر محمد",
    "last_name": "زارع",
    "email": "",
    "is_staff": false,
    "is_active": true,
    "date_joined": "2026-04-22T19:00:06.789Z",
    "father_name": "علی",
    "gender": "M",
    "PhoneNumber": "0913 519 1707",
    "national_id": "2033",
    "province": "یزد",
    "city": "هرات",
    "school": "امام حسین",
    "grade": 3,
    "major": 2,
    "birth": "2026-04-09T20:30:00Z",
    "private_code": null,
    "otp": null,
    "login_temp": 0,
    "otp_expiry_date": null,
    "type_of_user": "R",
    "is_verified": true,
    "groups": [],
    "user_permissions": []
  }
},
{
  "model": "user.user",
  "pk": 39,
  "fields": {
    "password": "pbkdf2_sha256$1000000$sjTv7tJwt9fdRr8EKDoLjo$VhehvG2R0pCtxcwlbdIwrBZGP8BX9QR97QMf4sJcZ4Q=",
    "last_login": null,
    "is_superuser": false,
    "first_name": "محمد طاها",
    "last_name": "شهرورزی",
    "email": "",
    "is_staff": false,
    "is_active": true,
    "date_joined": "2026-04-22T19:03:23.278Z",
    "father_name": "علی",
    "gender": "M",
    "PhoneNumber": "0910 141 9267",
    "national_id": "2034",
    "province": "یزد",
    "city": "هرات",
    "school": "امام حسین",
    "grade": 3,
    "major": 2,
    "birth": "2026-04-09T20:30:00Z",
    "private_code": null,
    "otp": null,
    "login_temp": 0,
    "otp_expiry_date": null,
    "type_of_user": "R",
    "is_verified": true,
    "groups": [],
    "user_permissions": []
  }
},
{
  "model": "user.user",
  "pk": 40,
  "fields": {
    "password": "pbkdf2_sha256$1000000$OMFt00nnBoaq5arYUeea6e$t2FfiL1RVmu982bZOnhiBOGmHBsoVI3Xqupc6Ma0y8U=",
    "last_login": "2026-04-26T15:43:32.779Z",
    "is_superuser": false,
    "first_name": "علیرضا",
    "last_name": "فتحی",
    "email": "",
    "is_staff": false,
    "is_active": true,
    "date_joined": "2026-04-22T19:04:22.837Z",
    "father_name": "علی",
    "gender": "M",
    "PhoneNumber": "0992 036 7258",
    "national_id": "2035",
    "province": "یزد",
    "city": "هرات",
    "school": "امام حسین",
    "grade": 3,
    "major": 2,
    "birth": "2026-04-09T20:30:00Z",
    "private_code": null,
    "otp": null,
    "login_temp": 0,
    "otp_expiry_date": null,
    "type_of_user": "R",
    "is_verified": true,
    "groups": [],
    "user_permissions": []
  }
},
{
  "model": "user.user",
  "pk": 41,
  "fields": {
    "password": "pbkdf2_sha256$1000000$9IxKgKL87nz8TS04HthtYM$EsRKBPS35vOzb4BOOCMkusWxd0kcbB59c/JEx16FKSw=",
    "last_login": null,
    "is_superuser": false,
    "first_name": "علیرضا",
    "last_name": "فلاحتی",
    "email": "",
    "is_staff": false,
    "is_active": true,
    "date_joined": "2026-04-22T19:05:32.906Z",
    "father_name": "علی",
    "gender": "M",
    "PhoneNumber": "0903 976 0251",
    "national_id": "2036",
    "province": "یزد",
    "city": "هرات",
    "school": "امام حسین",
    "grade": 3,
    "major": 2,
    "birth": "2026-04-08T20:30:00Z",
    "private_code": null,
    "otp": null,
    "login_temp": 0,
    "otp_expiry_date": null,
    "type_of_user": "R",
    "is_verified": true,
    "groups": [],
    "user_permissions": []
  }
},
{
  "model": "user.user",
  "pk": 42,
  "fields": {
    "password": "pbkdf2_sha256$1000000$nMMVZV8jwyUMjwMmzxdWCL$1d1lbRbZIw34iks65N+lwe81+ukef8jHzRTLi9CsDy4=",
    "last_login": null,
    "is_superuser": false,
    "first_name": "امیر محمد",
    "last_name": "کریمیان",
    "email": "",
    "is_staff": false,
    "is_active": true,
    "date_joined": "2026-04-22T19:06:56.645Z",
    "father_name": "علی",
    "gender": "M",
    "PhoneNumber": "0994 085 0355",
    "national_id": "2037",
    "province": "یزد",
    "city": "هرات",
    "school": "امام حسین",
    "grade": 3,
    "major": 2,
    "birth": "2026-04-09T20:30:00Z",
    "private_code": null,
    "otp": null,
    "login_temp": 0,
    "otp_expiry_date": null,
    "type_of_user": "R",
    "is_verified": true,
    "groups": [],
    "user_permissions": []
  }
},
{
  "model": "user.user",
  "pk": 43,
  "fields": {
    "password": "pbkdf2_sha256$1000000$BJv31XrlPnM4rTfJWSVGvU$OIGKchILmXAnvEAqfzl6ijSS7rPbvi7OvD14sM8xBF0=",
    "last_login": null,
    "is_superuser": false,
    "first_name": "علی",
    "last_name": "محترم زاده",
    "email": "",
    "is_staff": false,
    "is_active": true,
    "date_joined": "2026-04-22T19:18:41.458Z",
    "father_name": "علی",
    "gender": "M",
    "PhoneNumber": "0992 688 3503",
    "national_id": "2038",
    "province": "یزد",
    "city": "هرات",
    "school": "امام حسین",
    "grade": 3,
    "major": 2,
    "birth": "2026-04-09T20:30:00Z",
    "private_code": null,
    "otp": null,
    "login_temp": 0,
    "otp_expiry_date": null,
    "type_of_user": "R",
    "is_verified": true,
    "groups": [],
    "user_permissions": []
  }
},
{
  "model": "user.user",
  "pk": 44,
  "fields": {
    "password": "pbkdf2_sha256$1000000$NW8pERL5a9jFDDFmtUjyk3$9/uYSd6dpUSXZDRMbi5S4w8lETK6iFxWXDjZ9zlTEGQ=",
    "last_login": null,
    "is_superuser": false,
    "first_name": "محمد حسین",
    "last_name": "محمودی",
    "email": "",
    "is_staff": false,
    "is_active": true,
    "date_joined": "2026-04-22T19:19:51.946Z",
    "father_name": "علی",
    "gender": "M",
    "PhoneNumber": "0913 859 5243",
    "national_id": "2039",
    "province": "یزد",
    "city": "هرات",
    "school": "امام حسین",
    "grade": 3,
    "major": 2,
    "birth": "2026-04-09T20:30:00Z",
    "private_code": null,
    "otp": null,
    "login_temp": 0,
    "otp_expiry_date": null,
    "type_of_user": "R",
    "is_verified": true,
    "groups": [],
    "user_permissions": []
  }
},
{
  "model": "user.user",
  "pk": 45,
  "fields": {
    "password": "pbkdf2_sha256$1000000$wBvBvNQ1DyjYmzPK5Nnloa$bMEn0ZjaYQj80QINidzbh4kulzNWglxbQXwKgCnIC2E=",
    "last_login": null,
    "is_superuser": false,
    "first_name": "ابوالفضل",
    "last_name": "مسعودی",
    "email": "",
    "is_staff": false,
    "is_active": true,
    "date_joined": "2026-04-22T19:20:49.456Z",
    "father_name": "علی",
    "gender": "M",
    "PhoneNumber": "0991 070 7623",
    "national_id": "2040",
    "province": "یزد",
    "city": "هرات",
    "school": "امام حسین",
    "grade": 3,
    "major": 2,
    "birth": "2026-04-09T20:30:00Z",
    "private_code": null,
    "otp": null,
    "login_temp": 0,
    "otp_expiry_date": null,
    "type_of_user": "R",
    "is_verified": true,
    "groups": [],
    "user_permissions": []
  }
},
{
  "model": "user.user",
  "pk": 46,
  "fields": {
    "password": "pbkdf2_sha256$1000000$wroIVikntXQClFp9aPgOMk$p48v776PbfZaL5ALSHssEvJRKjy6zGEWwOL9jzITv+A=",
    "last_login": null,
    "is_superuser": false,
    "first_name": "محمد حسین",
    "last_name": "نادی",
    "email": "",
    "is_staff": false,
    "is_active": true,
    "date_joined": "2026-04-22T19:21:58.145Z",
    "father_name": "علی",
    "gender": "M",
    "PhoneNumber": "0913 860 5548",
    "national_id": "2041",
    "province": "یزد",
    "city": "هرات",
    "school": "امام حسین",
    "grade": 3,
    "major": 2,
    "birth": "2026-04-09T20:30:00Z",
    "private_code": null,
    "otp": null,
    "login_temp": 0,
    "otp_expiry_date": null,
    "type_of_user": "R",
    "is_verified": true,
    "groups": [],
    "user_permissions": []
  }
},
{
  "model": "dashboard.userfavorate",
  "pk": 1,
  "fields": {
    "user": 1,
    "quiz": [
      3
    ],
    "blog": [],
    "qbank": []
  }
},
{
  "model": "quiz.lessioncategories",
  "pk": 1,
  "fields": {
    "order": 1,
    "name": "زیست شناسی 3",
    "is_active": true
  }
},
{
  "model": "quiz.lessioncategories",
  "pk": 2,
  "fields": {
    "order": 1,
    "name": "شیمی 3",
    "is_active": true
  }
},
{
  "model": "quiz.lessioncategories",
  "pk": 3,
  "fields": {
    "order": 1,
    "name": "فارسی 3",
    "is_active": true
  }
},
{
  "model": "quiz.lessioncategories",
  "pk": 4,
  "fields": {
    "order": 1,
    "name": "دین زندگی 3",
    "is_active": true
  }
},
{
  "model": "quiz.lessioncategories",
  "pk": 5,
  "fields": {
    "order": 1,
    "name": "زبان خارجه 3",
    "is_active": true
  }
},
{
  "model": "quiz.lessioncategories",
  "pk": 6,
  "fields": {
    "order": 1,
    "name": "عربی 3",
    "is_active": true
  }
},
{
  "model": "quiz.lessioncategories",
  "pk": 7,
  "fields": {
    "order": 1,
    "name": "فیزیک 1",
    "is_active": true
  }
},
{
  "model": "quiz.lessioncategories",
  "pk": 8,
  "fields": {
    "order": 1,
    "name": "فیزیک 3",
    "is_active": true
  }
},
{
  "model": "quiz.lessioncategories",
  "pk": 9,
  "fields": {
    "order": 1,
    "name": "شیمی 1",
    "is_active": false
  }
},
{
  "model": "quiz.lessioncategories",
  "pk": 10,
  "fields": {
    "order": 1,
    "name": "شیمی 1",
    "is_active": false
  }
},
{
  "model": "quiz.lessioncategories",
  "pk": 11,
  "fields": {
    "order": 1,
    "name": "ریاضی 3",
    "is_active": true
  }
},
{
  "model": "quiz.lessioncategories",
  "pk": 12,
  "fields": {
    "order": 1,
    "name": "سلامت و بهداشت",
    "is_active": true
  }
},
{
  "model": "quiz.lessioncategories",
  "pk": 13,
  "fields": {
    "order": 1,
    "name": "هویت اجتماعی",
    "is_active": true
  }
},
{
  "model": "quiz.quiz",
  "pk": 2,
  "fields": {
    "name": "شیمی 3",
    "section": "شیمی",
    "province": "یزد",
    "city": "یزد",
    "type_of_quiz": "یزد",
    "price": 0,
    "corrected_price": 0,
    "time_minutes": 120,
    "create_at": "2026-04-09T15:12:40.822Z",
    "start_at": "2026-04-08T20:30:00Z",
    "stop_at": "2026-04-10T20:30:00Z",
    "last_enter": "2026-04-09T20:30:00Z",
    "corrected_at": null,
    "max_score": 20,
    "score": 1,
    "capacity": 20,
    "filled_capacity": 0,
    "is_online": true,
    "allow_to_edit_anwerd_by_sanatorium": true,
    "change_the_order": true,
    "have_negetive_score": true,
    "start_set_report": false,
    "is_active": true,
    "allow_to_edit_the_answered_questions": true,
    "allow_return_to_questions": true,
    "allow_to_edit_the_question_after_the_user_finish": true,
    "status": "اعلام نتایج",
    "grade": 3,
    "major": 2,
    "lession": 2,
    "description": "<p>&nbsp;</p>",
    "student": [
      3,
      1,
      2
    ],
    "sanatorium": [
      1,
      2,
      3
    ]
  }
},
{
  "model": "quiz.quiz",
  "pk": 3,
  "fields": {
    "name": "فیزیک  دهم تجربی",
    "section": "فیزیک",
    "province": "یزد",
    "city": "یزد",
    "type_of_quiz": "حضوری و آنلاین",
    "price": 0,
    "corrected_price": 40000,
    "time_minutes": 75,
    "create_at": "2026-04-10T16:20:53.792Z",
    "start_at": "2026-04-11T04:30:00Z",
    "stop_at": "2026-04-11T20:30:00Z",
    "last_enter": "2026-04-11T20:30:00Z",
    "corrected_at": null,
    "max_score": 20,
    "score": 1,
    "capacity": 25,
    "filled_capacity": 0,
    "is_online": true,
    "allow_to_edit_anwerd_by_sanatorium": true,
    "change_the_order": true,
    "have_negetive_score": true,
    "start_set_report": false,
    "is_active": true,
    "allow_to_edit_the_answered_questions": true,
    "allow_return_to_questions": true,
    "allow_to_edit_the_question_after_the_user_finish": true,
    "status": "اعلام نتایج",
    "grade": 1,
    "major": 2,
    "lession": 7,
    "description": "<p>&nbsp;</p>",
    "student": [
      7,
      9,
      11,
      12,
      13,
      14,
      15,
      16,
      17,
      18,
      19,
      1,
      3
    ],
    "sanatorium": [
      6,
      2
    ]
  }
},
{
  "model": "quiz.quiz",
  "pk": 4,
  "fields": {
    "name": "ازمون شیمی 1",
    "section": "فصل 2 شیمی",
    "province": "یزد",
    "city": "یزد",
    "type_of_quiz": "حضوری و آنلاین",
    "price": 0,
    "corrected_price": 30000,
    "time_minutes": 120,
    "create_at": "2026-04-17T16:21:21.389Z",
    "start_at": "2026-04-17T20:38:00Z",
    "stop_at": "2026-04-18T20:30:00Z",
    "last_enter": "2026-04-18T20:30:00Z",
    "corrected_at": null,
    "max_score": 20,
    "score": 1,
    "capacity": 30,
    "filled_capacity": 0,
    "is_online": true,
    "allow_to_edit_anwerd_by_sanatorium": true,
    "change_the_order": true,
    "have_negetive_score": true,
    "start_set_report": false,
    "is_active": true,
    "allow_to_edit_the_answered_questions": true,
    "allow_return_to_questions": true,
    "allow_to_edit_the_question_after_the_user_finish": true,
    "status": "اعلام نتایج",
    "grade": 1,
    "major": 2,
    "lession": 9,
    "description": "<p>&nbsp;</p>",
    "student": [
      3,
      7,
      9,
      11,
      12,
      13,
      14,
      15,
      16,
      17,
      18,
      19
    ],
    "sanatorium": [
      2,
      10
    ]
  }
},
{
  "model": "quiz.quiz",
  "pk": 5,
  "fields": {
    "name": "دینی 3",
    "section": "نوبت دوم",
    "province": "ایران",
    "city": "ایران",
    "type_of_quiz": "حضوری و آنلاین",
    "price": 0,
    "corrected_price": 0,
    "time_minutes": 120,
    "create_at": "2026-04-25T16:36:31.400Z",
    "start_at": "2026-04-25T20:30:00Z",
    "stop_at": "2026-04-26T20:30:00Z",
    "last_enter": "2026-04-26T20:30:00Z",
    "corrected_at": "2026-04-25T20:30:00Z",
    "max_score": 20,
    "score": 1,
    "capacity": 50,
    "filled_capacity": 0,
    "is_online": true,
    "allow_to_edit_anwerd_by_sanatorium": true,
    "change_the_order": true,
    "have_negetive_score": true,
    "start_set_report": false,
    "is_active": true,
    "allow_to_edit_the_answered_questions": true,
    "allow_return_to_questions": true,
    "allow_to_edit_the_question_after_the_user_finish": true,
    "status": "تصحیح شده",
    "grade": 3,
    "major": 2,
    "lession": 4,
    "description": "<p>&nbsp;</p>",
    "student": [
      7,
      14,
      16,
      19,
      21,
      22,
      24,
      25,
      26,
      27,
      29,
      30,
      31,
      32,
      33,
      34,
      35,
      36,
      37,
      38,
      39,
      40,
      41,
      42,
      43,
      44,
      45,
      46
    ],
    "sanatorium": [
      2
    ]
  }
},
{
  "model": "quiz.quiz",
  "pk": 6,
  "fields": {
    "name": "فارسی 3",
    "section": "نوبت دوم",
    "province": "ایران",
    "city": "ایران",
    "type_of_quiz": "حضوری و آنلاین",
    "price": 0,
    "corrected_price": 0,
    "time_minutes": 120,
    "create_at": "2026-04-27T18:10:00.518Z",
    "start_at": "2026-04-26T20:30:00Z",
    "stop_at": "2026-04-27T20:30:00Z",
    "last_enter": "2026-04-27T20:30:00Z",
    "corrected_at": "2026-04-27T20:30:00Z",
    "max_score": 20,
    "score": 1,
    "capacity": 20,
    "filled_capacity": 0,
    "is_online": true,
    "allow_to_edit_anwerd_by_sanatorium": true,
    "change_the_order": true,
    "have_negetive_score": true,
    "start_set_report": false,
    "is_active": true,
    "allow_to_edit_the_answered_questions": true,
    "allow_return_to_questions": true,
    "allow_to_edit_the_question_after_the_user_finish": true,
    "status": "همه وضعیت ها ",
    "grade": 3,
    "major": 2,
    "lession": 3,
    "description": "<p>&nbsp;</p>",
    "student": [
      22
    ],
    "sanatorium": [
      2
    ]
  }
},
{
  "model": "quiz.userquizdetail",
  "pk": 3,
  "fields": {
    "quiz": 2,
    "student": 3,
    "student_finished_at": null,
    "student_start_at": null,
    "out_of_page": 0
  }
},
{
  "model": "quiz.userquizdetail",
  "pk": 4,
  "fields": {
    "quiz": 2,
    "student": 1,
    "student_finished_at": "2026-04-09T17:21:05.620Z",
    "student_start_at": "2026-04-09T17:16:01.864Z",
    "out_of_page": 0
  }
},
{
  "model": "quiz.userquizdetail",
  "pk": 5,
  "fields": {
    "quiz": 2,
    "student": 2,
    "student_finished_at": null,
    "student_start_at": "2026-04-09T17:15:58.390Z",
    "out_of_page": 0
  }
},
{
  "model": "quiz.userquizdetail",
  "pk": 6,
  "fields": {
    "quiz": 3,
    "student": 11,
    "student_finished_at": null,
    "student_start_at": null,
    "out_of_page": 0
  }
},
{
  "model": "quiz.userquizdetail",
  "pk": 7,
  "fields": {
    "quiz": 3,
    "student": 13,
    "student_finished_at": null,
    "student_start_at": null,
    "out_of_page": 0
  }
},
{
  "model": "quiz.userquizdetail",
  "pk": 8,
  "fields": {
    "quiz": 3,
    "student": 14,
    "student_finished_at": null,
    "student_start_at": null,
    "out_of_page": 0
  }
},
{
  "model": "quiz.userquizdetail",
  "pk": 9,
  "fields": {
    "quiz": 3,
    "student": 2,
    "student_finished_at": null,
    "student_start_at": null,
    "out_of_page": 0
  }
},
{
  "model": "quiz.userquizdetail",
  "pk": 10,
  "fields": {
    "quiz": 3,
    "student": 15,
    "student_finished_at": null,
    "student_start_at": null,
    "out_of_page": 0
  }
},
{
  "model": "quiz.userquizdetail",
  "pk": 11,
  "fields": {
    "quiz": 3,
    "student": 16,
    "student_finished_at": null,
    "student_start_at": null,
    "out_of_page": 0
  }
},
{
  "model": "quiz.userquizdetail",
  "pk": 12,
  "fields": {
    "quiz": 3,
    "student": 1,
    "student_finished_at": "2026-04-11T06:10:05.243Z",
    "student_start_at": "2026-04-11T06:09:13.750Z",
    "out_of_page": 0
  }
},
{
  "model": "quiz.userquizdetail",
  "pk": 13,
  "fields": {
    "quiz": 3,
    "student": 6,
    "student_finished_at": null,
    "student_start_at": null,
    "out_of_page": 0
  }
},
{
  "model": "quiz.userquizdetail",
  "pk": 14,
  "fields": {
    "quiz": 3,
    "student": 10,
    "student_finished_at": null,
    "student_start_at": null,
    "out_of_page": 0
  }
},
{
  "model": "quiz.userquizdetail",
  "pk": 15,
  "fields": {
    "quiz": 3,
    "student": 3,
    "student_finished_at": null,
    "student_start_at": null,
    "out_of_page": 0
  }
},
{
  "model": "quiz.userquizdetail",
  "pk": 16,
  "fields": {
    "quiz": 3,
    "student": 17,
    "student_finished_at": null,
    "student_start_at": null,
    "out_of_page": 0
  }
},
{
  "model": "quiz.userquizdetail",
  "pk": 17,
  "fields": {
    "quiz": 3,
    "student": 19,
    "student_finished_at": "2026-04-11T11:02:02.631Z",
    "student_start_at": "2026-04-11T11:01:47.469Z",
    "out_of_page": 0
  }
},
{
  "model": "quiz.userquizdetail",
  "pk": 18,
  "fields": {
    "quiz": 3,
    "student": 18,
    "student_finished_at": null,
    "student_start_at": null,
    "out_of_page": 0
  }
},
{
  "model": "quiz.userquizdetail",
  "pk": 19,
  "fields": {
    "quiz": 3,
    "student": 7,
    "student_finished_at": null,
    "student_start_at": null,
    "out_of_page": 0
  }
},
{
  "model": "quiz.userquizdetail",
  "pk": 20,
  "fields": {
    "quiz": 3,
    "student": 9,
    "student_finished_at": null,
    "student_start_at": null,
    "out_of_page": 0
  }
},
{
  "model": "quiz.userquizdetail",
  "pk": 21,
  "fields": {
    "quiz": 3,
    "student": 12,
    "student_finished_at": null,
    "student_start_at": null,
    "out_of_page": 0
  }
},
{
  "model": "quiz.userquizdetail",
  "pk": 22,
  "fields": {
    "quiz": 4,
    "student": 14,
    "student_finished_at": null,
    "student_start_at": null,
    "out_of_page": 0
  }
},
{
  "model": "quiz.userquizdetail",
  "pk": 23,
  "fields": {
    "quiz": 4,
    "student": 15,
    "student_finished_at": null,
    "student_start_at": null,
    "out_of_page": 0
  }
},
{
  "model": "quiz.userquizdetail",
  "pk": 24,
  "fields": {
    "quiz": 4,
    "student": 7,
    "student_finished_at": null,
    "student_start_at": null,
    "out_of_page": 0
  }
},
{
  "model": "quiz.userquizdetail",
  "pk": 25,
  "fields": {
    "quiz": 4,
    "student": 3,
    "student_finished_at": null,
    "student_start_at": null,
    "out_of_page": 0
  }
},
{
  "model": "quiz.userquizdetail",
  "pk": 26,
  "fields": {
    "quiz": 4,
    "student": 17,
    "student_finished_at": null,
    "student_start_at": null,
    "out_of_page": 0
  }
},
{
  "model": "quiz.userquizdetail",
  "pk": 27,
  "fields": {
    "quiz": 4,
    "student": 18,
    "student_finished_at": null,
    "student_start_at": null,
    "out_of_page": 0
  }
},
{
  "model": "quiz.userquizdetail",
  "pk": 28,
  "fields": {
    "quiz": 4,
    "student": 16,
    "student_finished_at": null,
    "student_start_at": null,
    "out_of_page": 0
  }
},
{
  "model": "quiz.userquizdetail",
  "pk": 29,
  "fields": {
    "quiz": 4,
    "student": 12,
    "student_finished_at": null,
    "student_start_at": null,
    "out_of_page": 0
  }
},
{
  "model": "quiz.userquizdetail",
  "pk": 30,
  "fields": {
    "quiz": 4,
    "student": 19,
    "student_finished_at": null,
    "student_start_at": null,
    "out_of_page": 0
  }
},
{
  "model": "quiz.userquizdetail",
  "pk": 31,
  "fields": {
    "quiz": 4,
    "student": 11,
    "student_finished_at": null,
    "student_start_at": null,
    "out_of_page": 0
  }
},
{
  "model": "quiz.userquizdetail",
  "pk": 32,
  "fields": {
    "quiz": 4,
    "student": 13,
    "student_finished_at": null,
    "student_start_at": null,
    "out_of_page": 0
  }
},
{
  "model": "quiz.userquizdetail",
  "pk": 33,
  "fields": {
    "quiz": 4,
    "student": 9,
    "student_finished_at": null,
    "student_start_at": null,
    "out_of_page": 0
  }
},
{
  "model": "quiz.question",
  "pk": 1,
  "fields": {
    "description": "",
    "image": "",
    "pdf_file": "questions/eNqXCk3JY9EVo4dmX5budzWmA5d2S6oBeMmQl24IwBKJF9d8ZGMZuWsWDD76ls9H4JqE0mt99P4QlG_HYSxJRZ.pdf",
    "name": "شیمی 3",
    "order": 1,
    "is_active": true,
    "type_of_question": "سوال از فایل PDF",
    "score": 20,
    "quiz": 2,
    "created_at": "2026-04-09T15:16:07.750Z"
  }
},
{
  "model": "quiz.question",
  "pk": 2,
  "fields": {
    "description": "",
    "image": "",
    "pdf_file": "questions/zfTzeTwb94gahVnu0mKfcVbdqEcaI79xCuyaBvancwJm3q1zI5L5tOxGIj5PSoxUc497RhRLPVG_rJ0JAGn.۳۶.pdf",
    "name": "فیزیک 1",
    "order": 1,
    "is_active": true,
    "type_of_question": "سوال از فایل PDF",
    "score": 20,
    "quiz": 3,
    "created_at": "2026-04-10T16:25:15.193Z"
  }
},
{
  "model": "quiz.question",
  "pk": 4,
  "fields": {
    "description": "",
    "image": "",
    "pdf_file": "questions/Y3o4hWLSauiGUMymK6aVPy061qkVhE1PNzEwofSlyeiTLFxNC6iaORn0V1FE6byMQCDLTuj53GgAK6_EGPRcJQ.pdf",
    "name": "شیمی 1",
    "order": 1,
    "is_active": true,
    "type_of_question": "سوال از فایل PDF",
    "score": 20,
    "quiz": 4,
    "created_at": "2026-04-17T16:25:01.570Z"
  }
},
{
  "model": "quiz.question",
  "pk": 5,
  "fields": {
    "description": "",
    "image": "",
    "pdf_file": "questions/DNPfkAaSAm19uZN0gDSlb5IC2hpCNPBHLO33eUUIhyp9sbeyotZeuiM8YMmP9X6O8Vr1VFFpSolhdB_K492wjI.pdf",
    "name": "آزمون شبه نهایی دینی 3",
    "order": 1,
    "is_active": true,
    "type_of_question": "سوال از فایل PDF",
    "score": 20,
    "quiz": 5,
    "created_at": "2026-04-25T16:39:51.671Z"
  }
},
{
  "model": "quiz.question",
  "pk": 6,
  "fields": {
    "description": "",
    "image": "",
    "pdf_file": "questions/hYvGAQPBJfd3KEt5qAA4eQw6tLBHowUfNPVGs1JPylswfdsaaM3I844NQg81c1eD1Yvfoobcy9fuZJ_KvbakuU.pdf",
    "name": "فارسی 3",
    "order": 1,
    "is_active": true,
    "type_of_question": "سوال از فایل PDF",
    "score": 20,
    "quiz": 6,
    "created_at": "2026-04-27T18:11:55.500Z"
  }
},
{
  "model": "quiz.questionanswerkey",
  "pk": 1,
  "fields": {
    "question": 1,
    "created_at": "2026-04-09T15:16:59.175Z",
    "type_of_answer": "پاسخ تشریحی",
    "description": "",
    "image": "",
    "pdf_file": "questions/key/EJUkyyFjBZBD8vgrBvnhaeirIghOUHyGzf9uX78HW25QXzIlXuyoNRn9KlLWn8tm0bCBgLHe5E_he2nIi9.pdf"
  }
},
{
  "model": "quiz.questionanswerkey",
  "pk": 2,
  "fields": {
    "question": 2,
    "created_at": "2026-04-10T16:28:37.411Z",
    "type_of_answer": "پاسخ تشریحی",
    "description": "",
    "image": "",
    "pdf_file": "questions/key/A5ulYa327qHYZbXixqVb9biwIGsc1QRIcCZIGVCOAPuBXjucec97ZNBrRBa2v3VaZa3XHWj3U0_XOHGBwR.pdf"
  }
},
{
  "model": "quiz.questionanswerkey",
  "pk": 3,
  "fields": {
    "question": 4,
    "created_at": "2026-04-17T16:26:49.065Z",
    "type_of_answer": "پاسخ تشریحی",
    "description": "<p>پاسخ نامه ای ثبت نشده است</p>",
    "image": "",
    "pdf_file": ""
  }
},
{
  "model": "quiz.questionanswerkey",
  "pk": 5,
  "fields": {
    "question": 5,
    "created_at": "2026-04-25T16:40:14.462Z",
    "type_of_answer": "پاسخ تشریحی",
    "description": "",
    "image": "",
    "pdf_file": "questions/key/dIaWAQl3wl89m55sMiNAt4nzl5eO1y6wIFSDUWLNwnkWZVA251skxVzrFWVoisIWHqPcRGPthy_qAjHtwd.pdf"
  }
},
{
  "model": "quiz.questionanswerkey",
  "pk": 6,
  "fields": {
    "question": 6,
    "created_at": "2026-04-27T18:15:47.111Z",
    "type_of_answer": "پاسخ تشریحی",
    "description": "",
    "image": "",
    "pdf_file": "questions/key/vvaeNcNSP9rYVOGgX8TRT6G2lyThZgdOdGG5QgSqo9Al2RcQMieYtZJqB2nOJSioqUVbSw8SW4_2gDKPun.pdf"
  }
},
{
  "model": "quiz.studentanswer",
  "pk": 1,
  "fields": {
    "image": "",
    "pdf_file": "",
    "type_of_answer": "پاسخ متنی",
    "selected_option": null,
    "is_skipped": false,
    "quiz": 2,
    "question": 1,
    "description": "qq",
    "student": 1,
    "satantorium_message": "پیام از طرف مصحح ارسال نشده است",
    "corrected": "کاملا درست",
    "corrected_at": "2026-04-09T18:01:06.721Z",
    "score": 18.29,
    "created_at": "2026-04-09T16:22:56.269Z",
    "corrected_by": 2
  }
},
{
  "model": "quiz.studentanswer",
  "pk": 2,
  "fields": {
    "image": "",
    "pdf_file": "",
    "type_of_answer": "جواب داده نشده",
    "selected_option": null,
    "is_skipped": false,
    "quiz": 2,
    "question": 1,
    "description": null,
    "student": 2,
    "satantorium_message": "خوب نیست",
    "corrected": "نسبتا درست",
    "corrected_at": "2026-04-09T18:02:10.564Z",
    "score": 17.0,
    "created_at": "2026-04-09T16:22:56.277Z",
    "corrected_by": 2
  }
},
{
  "model": "quiz.studentanswer",
  "pk": 5,
  "fields": {
    "image": "",
    "pdf_file": "questions/v3VjRQ7xSkILuBtIr0mCy7GyjmWFifOai98Phtv9CydUobhTEej5Pavdl98ebMWtKzBLjDmX0TfdD4_5qGDPs5.pdf",
    "type_of_answer": "پاسخ PDF",
    "selected_option": null,
    "is_skipped": false,
    "quiz": 2,
    "question": 1,
    "description": "",
    "student": 3,
    "satantorium_message": "پیام از طرف مصحح ارسال نشده است",
    "corrected": "کاملا اشتباه",
    "corrected_at": "2026-04-09T16:48:29.345Z",
    "score": 20.0,
    "created_at": "2026-04-09T16:22:56.286Z",
    "corrected_by": 1
  }
},
{
  "model": "quiz.studentanswer",
  "pk": 6,
  "fields": {
    "image": "",
    "pdf_file": "questions/Je4mma0nAxZLV0uxX7nVSshxs1xxnX7t56yy8YoiuD4N15nmJZV9COn6QlVqkIdhIyzHm7KW3dSwAS_28DXZku.pdf",
    "type_of_answer": "پاسخ PDF",
    "selected_option": null,
    "is_skipped": false,
    "quiz": 3,
    "question": 2,
    "description": "بم ۲۰ بده وگر نه سایت رو هک می کنم",
    "student": 1,
    "satantorium_message": "پیام از طرف مصحح ارسال نشده است",
    "corrected": "کاملا اشتباه",
    "corrected_at": "2026-04-11T14:32:27.372Z",
    "score": 15.0,
    "created_at": "2026-04-10T20:45:56.110Z",
    "corrected_by": 2
  }
},
{
  "model": "quiz.studentanswer",
  "pk": 7,
  "fields": {
    "image": "",
    "pdf_file": "questions/o8wE4sFHOP2o63pdBezq83ojNuC67L6SVDnqqA4bK4DVJtQj964NO1TBG9Wbvnhtq8CFmU1XGmr_MB5eavF.۵۹.pdf",
    "type_of_answer": "پاسخ PDF",
    "selected_option": null,
    "is_skipped": false,
    "quiz": 3,
    "question": 2,
    "description": "",
    "student": 19,
    "satantorium_message": "پیام از طرف مصحح ارسال نشده است",
    "corrected": "کاملا اشتباه",
    "corrected_at": "2026-04-11T14:35:48.056Z",
    "score": 12.75,
    "created_at": "2026-04-11T11:01:47.475Z",
    "corrected_by": 2
  }
},
{
  "model": "quiz.studentanswer",
  "pk": 8,
  "fields": {
    "image": "",
    "pdf_file": "",
    "type_of_answer": "جواب داده نشده",
    "selected_option": null,
    "is_skipped": false,
    "quiz": 3,
    "question": 2,
    "description": null,
    "student": 2,
    "satantorium_message": "پیام از طرف مصحح ارسال نشده است",
    "corrected": "کاملا اشتباه",
    "corrected_at": "2026-04-11T14:38:15.467Z",
    "score": 15.0,
    "created_at": "2026-04-11T13:37:15.546Z",
    "corrected_by": 2
  }
},
{
  "model": "quiz.studentanswer",
  "pk": 9,
  "fields": {
    "image": "",
    "pdf_file": "",
    "type_of_answer": "جواب داده نشده",
    "selected_option": null,
    "is_skipped": false,
    "quiz": 3,
    "question": 2,
    "description": null,
    "student": 3,
    "satantorium_message": "پیام از طرف مصحح ارسال نشده است",
    "corrected": "کاملا اشتباه",
    "corrected_at": "2026-04-11T14:38:44.508Z",
    "score": 15.0,
    "created_at": "2026-04-11T13:37:15.551Z",
    "corrected_by": 2
  }
},
{
  "model": "quiz.studentanswer",
  "pk": 10,
  "fields": {
    "image": "",
    "pdf_file": "",
    "type_of_answer": "جواب داده نشده",
    "selected_option": null,
    "is_skipped": false,
    "quiz": 3,
    "question": 2,
    "description": null,
    "student": 6,
    "satantorium_message": "پیام از طرف مصحح ارسال نشده است",
    "corrected": "کاملا اشتباه",
    "corrected_at": "2026-04-11T14:39:39.618Z",
    "score": 15.0,
    "created_at": "2026-04-11T13:37:15.555Z",
    "corrected_by": 2
  }
},
{
  "model": "quiz.studentanswer",
  "pk": 11,
  "fields": {
    "image": "",
    "pdf_file": "questions/HkU2VYEbjxnv3pctp8IvkDlJq8HWDArGWFNMlCF790RVrCUnRYfEpCwWEdccr9EIpmrk7ZgPi2j_xByuF0w.۴۴.pdf",
    "type_of_answer": "پاسخ PDF",
    "selected_option": null,
    "is_skipped": false,
    "quiz": 3,
    "question": 2,
    "description": "",
    "student": 7,
    "satantorium_message": "پیام از طرف مصحح ارسال نشده است",
    "corrected": "کاملا اشتباه",
    "corrected_at": "2026-04-11T14:40:07.347Z",
    "score": 19.25,
    "created_at": "2026-04-11T13:37:15.559Z",
    "corrected_by": 2
  }
},
{
  "model": "quiz.studentanswer",
  "pk": 12,
  "fields": {
    "image": "",
    "pdf_file": "questions/9pkAwrXphDtywoKNMHGJ0XxdBlLYpj1xgvVPuX4ZxJpS27058DVySPJLc6cVS6VgeIEmOf2mJ3E_9dN4mLs.۰۴.pdf",
    "type_of_answer": "پاسخ PDF",
    "selected_option": null,
    "is_skipped": false,
    "quiz": 3,
    "question": 2,
    "description": "",
    "student": 9,
    "satantorium_message": "پیام از طرف مصحح ارسال نشده است",
    "corrected": "کاملا اشتباه",
    "corrected_at": "2026-04-11T14:41:20.901Z",
    "score": 11.75,
    "created_at": "2026-04-11T13:37:15.562Z",
    "corrected_by": 2
  }
},
{
  "model": "quiz.studentanswer",
  "pk": 13,
  "fields": {
    "image": "",
    "pdf_file": "",
    "type_of_answer": "جواب داده نشده",
    "selected_option": null,
    "is_skipped": false,
    "quiz": 3,
    "question": 2,
    "description": null,
    "student": 10,
    "satantorium_message": "پیام از طرف مصحح ارسال نشده است",
    "corrected": "کاملا اشتباه",
    "corrected_at": "2026-04-11T14:41:37.895Z",
    "score": 15.0,
    "created_at": "2026-04-11T13:37:15.567Z",
    "corrected_by": 2
  }
},
{
  "model": "quiz.studentanswer",
  "pk": 14,
  "fields": {
    "image": "",
    "pdf_file": "questions/SDNSMdqrKboigHDV16kQugIGN0XHanPek5slSVH2YD4IZUcNVVYwBGF2hgTnsraB7zafeY8wlnR_IeOmaL1.۴۷.pdf",
    "type_of_answer": "پاسخ PDF",
    "selected_option": null,
    "is_skipped": false,
    "quiz": 3,
    "question": 2,
    "description": "",
    "student": 11,
    "satantorium_message": "پیام از طرف مصحح ارسال نشده است",
    "corrected": "کاملا اشتباه",
    "corrected_at": "2026-04-11T14:42:02.862Z",
    "score": 17.0,
    "created_at": "2026-04-11T13:37:15.570Z",
    "corrected_by": 2
  }
},
{
  "model": "quiz.studentanswer",
  "pk": 15,
  "fields": {
    "image": "",
    "pdf_file": "questions/qqnm6nxb8nNJBJWGAFOBGJcHClYSxYGFLd9UPX5zEp5u27jsRCXjX041SrXhQizpcWSUMaYdt93_VKjM1Cv.۰۶.pdf",
    "type_of_answer": "پاسخ PDF",
    "selected_option": null,
    "is_skipped": false,
    "quiz": 3,
    "question": 2,
    "description": "",
    "student": 12,
    "satantorium_message": "پیام از طرف مصحح ارسال نشده است",
    "corrected": "کاملا اشتباه",
    "corrected_at": "2026-04-11T14:49:54.986Z",
    "score": 11.0,
    "created_at": "2026-04-11T13:37:15.575Z",
    "corrected_by": 2
  }
},
{
  "model": "quiz.studentanswer",
  "pk": 16,
  "fields": {
    "image": "",
    "pdf_file": "questions/FBeeXKBgKgdMYWCmXq1ylAscbmFxePERyJ1a28YOFRbI2tTamUpzEuL4DicUMCVLcrCnzhAeaH4_a3FEPlw.۰۱.pdf",
    "type_of_answer": "پاسخ PDF",
    "selected_option": null,
    "is_skipped": false,
    "quiz": 3,
    "question": 2,
    "description": "",
    "student": 13,
    "satantorium_message": "پیام از طرف مصحح ارسال نشده است",
    "corrected": "کاملا اشتباه",
    "corrected_at": "2026-04-11T14:51:55.589Z",
    "score": 11.75,
    "created_at": "2026-04-11T13:37:15.580Z",
    "corrected_by": 2
  }
},
{
  "model": "quiz.studentanswer",
  "pk": 17,
  "fields": {
    "image": "",
    "pdf_file": "questions/mdI7jzRTHBvw7WFCDDwnwKy4Q8hWL2hTaebOeo1erTUOxgqc63FfE9qUkwupwDYha8SAm7FVwJu_buTaFmc.۵۶.pdf",
    "type_of_answer": "پاسخ PDF",
    "selected_option": null,
    "is_skipped": false,
    "quiz": 3,
    "question": 2,
    "description": "",
    "student": 14,
    "satantorium_message": "پیام از طرف مصحح ارسال نشده است",
    "corrected": "کاملا اشتباه",
    "corrected_at": "2026-04-11T14:52:21.018Z",
    "score": 13.0,
    "created_at": "2026-04-11T13:37:15.583Z",
    "corrected_by": 2
  }
},
{
  "model": "quiz.studentanswer",
  "pk": 18,
  "fields": {
    "image": "",
    "pdf_file": "questions/odbt0F8OnkyKaVkfMZzqHs26Xgb51S9aeyAMJaIAOKYiSqOTWGAmOE1rLjmv2RRaNZfrVgaSmAk_Ur67Jsf.۴۹.pdf",
    "type_of_answer": "پاسخ PDF",
    "selected_option": null,
    "is_skipped": false,
    "quiz": 3,
    "question": 2,
    "description": "",
    "student": 15,
    "satantorium_message": "پیام از طرف مصحح ارسال نشده است",
    "corrected": "کاملا اشتباه",
    "corrected_at": "2026-04-11T14:53:44.945Z",
    "score": 14.75,
    "created_at": "2026-04-11T13:37:15.587Z",
    "corrected_by": 2
  }
},
{
  "model": "quiz.studentanswer",
  "pk": 19,
  "fields": {
    "image": "",
    "pdf_file": "questions/1TmRxiRfMRFDT6N9AHRQayF86q5W441NARMhlth776sZoWFv98jh6j5s0ob7G0quwa9lApGDEVA_8JZNh4y.۵۴.pdf",
    "type_of_answer": "پاسخ PDF",
    "selected_option": null,
    "is_skipped": false,
    "quiz": 3,
    "question": 2,
    "description": "",
    "student": 16,
    "satantorium_message": "<p>پیام از طرف مصحح ارسال نشده است</p>",
    "corrected": "قابل قبول",
    "corrected_at": "2026-04-11T14:54:55Z",
    "score": 14.0,
    "created_at": "2026-04-11T13:37:15.591Z",
    "corrected_by": 2
  }
},
{
  "model": "quiz.studentanswer",
  "pk": 20,
  "fields": {
    "image": "",
    "pdf_file": "questions/Ixgj4UXiFWnxM681MgcpH99ZxEOCSB8ifkVYXatKrg3adAdCUZ0Mq5SdhPXa2yyJ0ECXq5JmvEQ_IhCKzy9.۰۸.pdf",
    "type_of_answer": "پاسخ PDF",
    "selected_option": null,
    "is_skipped": false,
    "quiz": 3,
    "question": 2,
    "description": "",
    "student": 17,
    "satantorium_message": "پیام از طرف مصحح ارسال نشده است",
    "corrected": "کاملا اشتباه",
    "corrected_at": "2026-04-11T14:56:26.264Z",
    "score": 10.5,
    "created_at": "2026-04-11T13:37:15.595Z",
    "corrected_by": 2
  }
},
{
  "model": "quiz.studentanswer",
  "pk": 21,
  "fields": {
    "image": "",
    "pdf_file": "questions/IYsVQvlKJGIVoCPe3VxOCeG6F8JNeUYEJvjD7dPrRHiAQ5t6i4u8uX1P0FB3TW3QzPRQ9DQAzZO_ctdwoZI.۱۰.pdf",
    "type_of_answer": "پاسخ PDF",
    "selected_option": null,
    "is_skipped": false,
    "quiz": 3,
    "question": 2,
    "description": "",
    "student": 18,
    "satantorium_message": "پیام از طرف مصحح ارسال نشده است",
    "corrected": "کاملا اشتباه",
    "corrected_at": "2026-04-11T14:56:59.431Z",
    "score": 10.0,
    "created_at": "2026-04-11T13:37:15.599Z",
    "corrected_by": 2
  }
},
{
  "model": "quiz.studentanswer",
  "pk": 22,
  "fields": {
    "image": "",
    "pdf_file": "",
    "type_of_answer": "جواب داده نشده",
    "selected_option": null,
    "is_skipped": false,
    "quiz": 4,
    "question": 4,
    "description": null,
    "student": 3,
    "satantorium_message": "پیام از طرف مصحح ارسال نشده است",
    "corrected": "کاملا اشتباه",
    "corrected_at": "2026-04-18T18:30:32.435Z",
    "score": 0.0,
    "created_at": "2026-04-18T17:13:14.068Z",
    "corrected_by": 2
  }
},
{
  "model": "quiz.studentanswer",
  "pk": 23,
  "fields": {
    "image": "questions/Gu3gAb7utyhKwkYqIQtl5vvio2nEGaj9zuS35a3070XeAKltlxyGC5bTfMIjk0J3PnpNgycRjXF5Ud_nFsgnNE.jpg",
    "pdf_file": "",
    "type_of_answer": "پاسخ تصویری",
    "selected_option": null,
    "is_skipped": false,
    "quiz": 4,
    "question": 4,
    "description": "",
    "student": 7,
    "satantorium_message": "پیام از طرف مصحح ارسال نشده است",
    "corrected": "کاملا اشتباه",
    "corrected_at": "2026-04-18T18:36:00.906Z",
    "score": 12.0,
    "created_at": "2026-04-18T17:13:14.208Z",
    "corrected_by": 2
  }
},
{
  "model": "quiz.studentanswer",
  "pk": 24,
  "fields": {
    "image": "questions/2dOgzdpenFYt1UgpAagJ2x88nF9BkZT1NQ2NOS06Jm3zflTWuZk9hv9xrk7GResIAvmaXSTzwUei6H_eWZUDnS.jpg",
    "pdf_file": "",
    "type_of_answer": "پاسخ تصویری",
    "selected_option": null,
    "is_skipped": false,
    "quiz": 4,
    "question": 4,
    "description": "",
    "student": 9,
    "satantorium_message": "پیام از طرف مصحح ارسال نشده است",
    "corrected": "کاملا اشتباه",
    "corrected_at": "2026-04-18T18:36:34.847Z",
    "score": 5.0,
    "created_at": "2026-04-18T17:13:14.232Z",
    "corrected_by": 2
  }
},
{
  "model": "quiz.studentanswer",
  "pk": 25,
  "fields": {
    "image": "questions/AZsdy5ucLBzylOk20HyShOpfAwRBZFAYAtREh9239oLTUDE7zKDxzfUKAyYNjyDwrWeklS2crWuVHi_Oaz5Ax4.jpg",
    "pdf_file": "",
    "type_of_answer": "پاسخ تصویری",
    "selected_option": null,
    "is_skipped": false,
    "quiz": 4,
    "question": 4,
    "description": "",
    "student": 11,
    "satantorium_message": "پیام از طرف مصحح ارسال نشده است",
    "corrected": "کاملا اشتباه",
    "corrected_at": "2026-04-18T18:31:43.957Z",
    "score": 7.0,
    "created_at": "2026-04-18T17:13:14.236Z",
    "corrected_by": 2
  }
},
{
  "model": "quiz.studentanswer",
  "pk": 26,
  "fields": {
    "image": "questions/ew7ptDlnx2WPJFyuRSO2c8tLQP9PWLNE750aVCx2Z2S62PrxUVePDqxj9P7lcbwum5hYGdSMQdYlkG_oTFRsRI.jpg",
    "pdf_file": "",
    "type_of_answer": "پاسخ تصویری",
    "selected_option": null,
    "is_skipped": false,
    "quiz": 4,
    "question": 4,
    "description": "",
    "student": 12,
    "satantorium_message": "پیام از طرف مصحح ارسال نشده است",
    "corrected": "کاملا اشتباه",
    "corrected_at": "2026-04-18T18:32:12.186Z",
    "score": 5.0,
    "created_at": "2026-04-18T17:13:14.239Z",
    "corrected_by": 2
  }
},
{
  "model": "quiz.studentanswer",
  "pk": 27,
  "fields": {
    "image": "questions/Wo9PpfmMMbd43kLLj7a6udZytHxd4XkfCp2VgvuMqRjjXDh9ONAgzFNkRHfk91MpgwLwG19mawX7Gn_9TBgN6Q.jpg",
    "pdf_file": "",
    "type_of_answer": "پاسخ تصویری",
    "selected_option": null,
    "is_skipped": false,
    "quiz": 4,
    "question": 4,
    "description": "",
    "student": 13,
    "satantorium_message": "پیام از طرف مصحح ارسال نشده است",
    "corrected": "کاملا اشتباه",
    "corrected_at": "2026-04-18T18:36:16.436Z",
    "score": 4.0,
    "created_at": "2026-04-18T17:13:14.243Z",
    "corrected_by": 2
  }
},
{
  "model": "quiz.studentanswer",
  "pk": 28,
  "fields": {
    "image": "questions/k3Ui2pEOsqCJ7Pv75F5qyVU8GJwRe49G0cHi3wqXO9nztpswL60BTbK2ALRtPjAFKAZYhX2PYxypZo_v8Tby6J.jpg",
    "pdf_file": "",
    "type_of_answer": "پاسخ تصویری",
    "selected_option": null,
    "is_skipped": false,
    "quiz": 4,
    "question": 4,
    "description": "",
    "student": 14,
    "satantorium_message": "پیام از طرف مصحح ارسال نشده است",
    "corrected": "کاملا اشتباه",
    "corrected_at": "2026-04-18T18:37:34.370Z",
    "score": 7.0,
    "created_at": "2026-04-18T17:13:14.246Z",
    "corrected_by": 2
  }
},
{
  "model": "quiz.studentanswer",
  "pk": 29,
  "fields": {
    "image": "questions/gZx5564djuoifFzoNzBTaa1fBAgYiINlb2Q8VVv0NyHo1QDDcTxjin3XojMO1O72MOVtOlqdkvCPSm_uX5GJQG.jpg",
    "pdf_file": "",
    "type_of_answer": "پاسخ تصویری",
    "selected_option": null,
    "is_skipped": false,
    "quiz": 4,
    "question": 4,
    "description": "",
    "student": 15,
    "satantorium_message": "پیام از طرف مصحح ارسال نشده است",
    "corrected": "کاملا اشتباه",
    "corrected_at": "2026-04-18T18:35:41.695Z",
    "score": 12.0,
    "created_at": "2026-04-18T17:13:14.250Z",
    "corrected_by": 2
  }
},
{
  "model": "quiz.studentanswer",
  "pk": 30,
  "fields": {
    "image": "questions/HsbbByUY8eY45SwctWMQlRsrkIcNKDEGsT6ugLU8TL1ltOAPtxzpZ8wNM6EBrCYkFyQRPvMJl29TLM_CIf1eJP.jpg",
    "pdf_file": "",
    "type_of_answer": "پاسخ تصویری",
    "selected_option": null,
    "is_skipped": false,
    "quiz": 4,
    "question": 4,
    "description": "",
    "student": 16,
    "satantorium_message": "پیام از طرف مصحح ارسال نشده است",
    "corrected": "کاملا اشتباه",
    "corrected_at": "2026-04-18T18:35:05.913Z",
    "score": 4.0,
    "created_at": "2026-04-18T17:13:14.253Z",
    "corrected_by": 2
  }
},
{
  "model": "quiz.studentanswer",
  "pk": 31,
  "fields": {
    "image": "questions/JFRVcKI7dTfO0zYzoLZXjMN7JekzAyzyYB4g85pJEACsU2NKMZSb8DqPw59VwLzDnNnyMrowIkmQaZ_MBnqp75.jpg",
    "pdf_file": "",
    "type_of_answer": "پاسخ تصویری",
    "selected_option": null,
    "is_skipped": false,
    "quiz": 4,
    "question": 4,
    "description": "",
    "student": 17,
    "satantorium_message": "پیام از طرف مصحح ارسال نشده است",
    "corrected": "کاملا اشتباه",
    "corrected_at": "2026-04-18T18:37:01.454Z",
    "score": 14.0,
    "created_at": "2026-04-18T17:13:14.256Z",
    "corrected_by": 2
  }
},
{
  "model": "quiz.studentanswer",
  "pk": 32,
  "fields": {
    "image": "questions/qHdqOci7T4g63sUepWwKD8WUY7kTRT08ou8jUyfNrZynPqLQbz6kB8mRNXdWJctjxh2kxD6kRWAYM4_Ef8v81d.jpg",
    "pdf_file": "",
    "type_of_answer": "پاسخ تصویری",
    "selected_option": null,
    "is_skipped": false,
    "quiz": 4,
    "question": 4,
    "description": "",
    "student": 18,
    "satantorium_message": "پیام از طرف مصحح ارسال نشده است",
    "corrected": "کاملا اشتباه",
    "corrected_at": "2026-04-18T18:37:15.018Z",
    "score": 4.0,
    "created_at": "2026-04-18T17:13:14.270Z",
    "corrected_by": 2
  }
},
{
  "model": "quiz.studentanswer",
  "pk": 33,
  "fields": {
    "image": "questions/2ONfbdU556EPVIrPXmyvivvGNTa1RnA0iouiy2aqb3VsntLYZ5nbEe0mI8FDeAUcafNktPW9NOSwgz_ECfLwi0.jpg",
    "pdf_file": "",
    "type_of_answer": "پاسخ تصویری",
    "selected_option": null,
    "is_skipped": false,
    "quiz": 4,
    "question": 4,
    "description": "",
    "student": 19,
    "satantorium_message": "پیام از طرف مصحح ارسال نشده است",
    "corrected": "کاملا اشتباه",
    "corrected_at": "2026-04-18T18:37:45.926Z",
    "score": 6.0,
    "created_at": "2026-04-18T17:13:14.273Z",
    "corrected_by": 2
  }
},
{
  "model": "quiz.studentanswer",
  "pk": 34,
  "fields": {
    "image": "",
    "pdf_file": "",
    "type_of_answer": "جواب داده نشده",
    "selected_option": null,
    "is_skipped": false,
    "quiz": 5,
    "question": 5,
    "description": null,
    "student": 14,
    "satantorium_message": "پیام از طرف مصحح ارسال نشده است",
    "corrected": "کاملا اشتباه",
    "corrected_at": "2026-04-26T12:15:08.485Z",
    "score": 15.0,
    "created_at": "2026-04-26T07:42:50.156Z",
    "corrected_by": 2
  }
},
{
  "model": "quiz.studentanswer",
  "pk": 35,
  "fields": {
    "image": "",
    "pdf_file": "",
    "type_of_answer": "جواب داده نشده",
    "selected_option": null,
    "is_skipped": false,
    "quiz": 5,
    "question": 5,
    "description": null,
    "student": 25,
    "satantorium_message": "پیام از طرف مصحح ارسال نشده است",
    "corrected": "کاملا اشتباه",
    "corrected_at": "2026-04-26T12:15:27.738Z",
    "score": 15.0,
    "created_at": "2026-04-26T07:42:50.171Z",
    "corrected_by": 2
  }
},
{
  "model": "quiz.studentanswer",
  "pk": 36,
  "fields": {
    "image": "",
    "pdf_file": "",
    "type_of_answer": "جواب داده نشده",
    "selected_option": null,
    "is_skipped": false,
    "quiz": 5,
    "question": 5,
    "description": null,
    "student": 26,
    "satantorium_message": "پیام از طرف مصحح ارسال نشده است",
    "corrected": "کاملا اشتباه",
    "corrected_at": "2026-04-26T12:15:46.144Z",
    "score": 15.0,
    "created_at": "2026-04-26T07:42:50.175Z",
    "corrected_by": 2
  }
},
{
  "model": "quiz.studentanswer",
  "pk": 37,
  "fields": {
    "image": "",
    "pdf_file": "",
    "type_of_answer": "جواب داده نشده",
    "selected_option": null,
    "is_skipped": false,
    "quiz": 5,
    "question": 5,
    "description": null,
    "student": 27,
    "satantorium_message": "پیام از طرف مصحح ارسال نشده است",
    "corrected": "کاملا اشتباه",
    "corrected_at": "2026-04-26T12:16:12.325Z",
    "score": 15.0,
    "created_at": "2026-04-26T07:42:50.179Z",
    "corrected_by": 2
  }
},
{
  "model": "quiz.studentanswer",
  "pk": 38,
  "fields": {
    "image": "",
    "pdf_file": "",
    "type_of_answer": "جواب داده نشده",
    "selected_option": null,
    "is_skipped": false,
    "quiz": 5,
    "question": 5,
    "description": null,
    "student": 7,
    "satantorium_message": "پیام از طرف مصحح ارسال نشده است",
    "corrected": "کاملا اشتباه",
    "corrected_at": "2026-04-26T12:16:35.501Z",
    "score": 15.0,
    "created_at": "2026-04-26T07:42:50.182Z",
    "corrected_by": 2
  }
},
{
  "model": "quiz.studentanswer",
  "pk": 39,
  "fields": {
    "image": "questions/WuJ7EHsbAI3H53PAMtJOQRSUAwzDX31iXJ18Ifk9pH6GqsFptFqDGWehZ7FkeKAf1ZzmYOUXdiDOJN_2nD3Nov.jpg",
    "pdf_file": "",
    "type_of_answer": "جواب داده نشده",
    "selected_option": null,
    "is_skipped": false,
    "quiz": 5,
    "question": 5,
    "description": "",
    "student": 22,
    "satantorium_message": "<p>پیام از طرف مصحح ارسال نشده است</p>",
    "corrected": "کاملا اشتباه",
    "corrected_at": "2026-04-26T15:27:40.452Z",
    "score": 6.0,
    "created_at": "2026-04-26T07:42:50.186Z",
    "corrected_by": 2
  }
},
{
  "model": "quiz.studentanswer",
  "pk": 40,
  "fields": {
    "image": "",
    "pdf_file": "",
    "type_of_answer": "جواب داده نشده",
    "selected_option": null,
    "is_skipped": false,
    "quiz": 5,
    "question": 5,
    "description": null,
    "student": 19,
    "satantorium_message": "پیام از طرف مصحح ارسال نشده است",
    "corrected": "کاملا اشتباه",
    "corrected_at": "2026-04-26T12:17:36.300Z",
    "score": 15.0,
    "created_at": "2026-04-26T07:42:50.190Z",
    "corrected_by": 2
  }
},
{
  "model": "quiz.studentanswer",
  "pk": 41,
  "fields": {
    "image": "questions/9PmacTKS485r0jG251YXFAjTznnG5lWsNYnBXRwxMEUAYfPW1FGFJ2AWMS1jLp3PT9amThxCJ2TIMt_9fTpwzQ.jpg",
    "pdf_file": "",
    "type_of_answer": "پاسخ تصویری",
    "selected_option": null,
    "is_skipped": false,
    "quiz": 5,
    "question": 5,
    "description": "",
    "student": 30,
    "satantorium_message": "پیام از طرف مصحح ارسال نشده است",
    "corrected": "کاملا اشتباه",
    "corrected_at": "2026-04-26T12:18:10.623Z",
    "score": 15.0,
    "created_at": "2026-04-26T07:42:50.193Z",
    "corrected_by": 2
  }
},
{
  "model": "quiz.studentanswer",
  "pk": 42,
  "fields": {
    "image": "",
    "pdf_file": "",
    "type_of_answer": "جواب داده نشده",
    "selected_option": null,
    "is_skipped": false,
    "quiz": 5,
    "question": 5,
    "description": null,
    "student": 24,
    "satantorium_message": "پیام از طرف مصحح ارسال نشده است",
    "corrected": "کاملا اشتباه",
    "corrected_at": "2026-04-26T12:18:26.699Z",
    "score": 15.0,
    "created_at": "2026-04-26T07:42:50.197Z",
    "corrected_by": 2
  }
},
{
  "model": "quiz.studentanswer",
  "pk": 43,
  "fields": {
    "image": "",
    "pdf_file": "",
    "type_of_answer": "جواب داده نشده",
    "selected_option": null,
    "is_skipped": false,
    "quiz": 5,
    "question": 5,
    "description": null,
    "student": 16,
    "satantorium_message": "پیام از طرف مصحح ارسال نشده است",
    "corrected": "کاملا اشتباه",
    "corrected_at": "2026-04-26T12:18:42.590Z",
    "score": 15.0,
    "created_at": "2026-04-26T07:42:50.201Z",
    "corrected_by": 2
  }
},
{
  "model": "quiz.studentanswer",
  "pk": 44,
  "fields": {
    "image": "",
    "pdf_file": "",
    "type_of_answer": "جواب داده نشده",
    "selected_option": null,
    "is_skipped": false,
    "quiz": 5,
    "question": 5,
    "description": null,
    "student": 21,
    "satantorium_message": "پیام از طرف مصحح ارسال نشده است",
    "corrected": "کاملا اشتباه",
    "corrected_at": "2026-04-26T12:18:57.514Z",
    "score": 15.0,
    "created_at": "2026-04-26T07:42:50.204Z",
    "corrected_by": 2
  }
},
{
  "model": "quiz.studentanswer",
  "pk": 45,
  "fields": {
    "image": "",
    "pdf_file": "",
    "type_of_answer": "جواب داده نشده",
    "selected_option": null,
    "is_skipped": false,
    "quiz": 5,
    "question": 5,
    "description": null,
    "student": 31,
    "satantorium_message": "پیام از طرف مصحح ارسال نشده است",
    "corrected": "کاملا اشتباه",
    "corrected_at": "2026-04-26T12:19:17.718Z",
    "score": 15.0,
    "created_at": "2026-04-26T07:42:50.207Z",
    "corrected_by": 2
  }
},
{
  "model": "quiz.studentanswer",
  "pk": 46,
  "fields": {
    "image": "",
    "pdf_file": "",
    "type_of_answer": "جواب داده نشده",
    "selected_option": null,
    "is_skipped": false,
    "quiz": 5,
    "question": 5,
    "description": null,
    "student": 29,
    "satantorium_message": "پیام از طرف مصحح ارسال نشده است",
    "corrected": "کاملا اشتباه",
    "corrected_at": "2026-04-26T12:19:37.432Z",
    "score": 20.0,
    "created_at": "2026-04-26T07:42:50.211Z",
    "corrected_by": 2
  }
},
{
  "model": "quiz.studentanswer",
  "pk": 47,
  "fields": {
    "image": "",
    "pdf_file": "",
    "type_of_answer": "جواب داده نشده",
    "selected_option": null,
    "is_skipped": false,
    "quiz": 5,
    "question": 5,
    "description": null,
    "student": 32,
    "satantorium_message": "پیام از طرف مصحح ارسال نشده است",
    "corrected": "کاملا اشتباه",
    "corrected_at": "2026-04-26T12:19:57.522Z",
    "score": 20.0,
    "created_at": "2026-04-26T07:42:50.215Z",
    "corrected_by": 2
  }
},
{
  "model": "quiz.studentanswer",
  "pk": 48,
  "fields": {
    "image": "",
    "pdf_file": "",
    "type_of_answer": "جواب داده نشده",
    "selected_option": null,
    "is_skipped": false,
    "quiz": 5,
    "question": 5,
    "description": null,
    "student": 33,
    "satantorium_message": "پیام از طرف مصحح ارسال نشده است",
    "corrected": "کاملا اشتباه",
    "corrected_at": "2026-04-26T12:20:18.597Z",
    "score": 20.0,
    "created_at": "2026-04-26T07:42:50.218Z",
    "corrected_by": 2
  }
},
{
  "model": "quiz.studentanswer",
  "pk": 49,
  "fields": {
    "image": "",
    "pdf_file": "questions/PUD9KI85iDypf2kv5o8qG5sgPJEQTnUmYltCIgSAABFeeM0QJh9JXIvXCyKCCERIBhX1yYlkdICBLk_Vn2gRTM.pdf",
    "type_of_answer": "پاسخ PDF",
    "selected_option": null,
    "is_skipped": false,
    "quiz": 5,
    "question": 5,
    "description": "",
    "student": 34,
    "satantorium_message": "پیام از طرف مصحح ارسال نشده است",
    "corrected": "کاملا اشتباه",
    "corrected_at": "2026-04-26T12:21:12.126Z",
    "score": 13.0,
    "created_at": "2026-04-26T07:42:50.223Z",
    "corrected_by": 2
  }
},
{
  "model": "quiz.studentanswer",
  "pk": 50,
  "fields": {
    "image": "",
    "pdf_file": "",
    "type_of_answer": "جواب داده نشده",
    "selected_option": null,
    "is_skipped": false,
    "quiz": 5,
    "question": 5,
    "description": null,
    "student": 35,
    "satantorium_message": "پیام از طرف مصحح ارسال نشده است",
    "corrected": "کاملا اشتباه",
    "corrected_at": "2026-04-26T12:21:26.210Z",
    "score": 20.0,
    "created_at": "2026-04-26T07:42:50.227Z",
    "corrected_by": 2
  }
},
{
  "model": "quiz.studentanswer",
  "pk": 51,
  "fields": {
    "image": "",
    "pdf_file": "questions/trbTsR7w06DTI3vCxntjh5S0hGvxbIeaU38zT23vfZOGmMpXiO3aWCHFKI4DL8H2g8VHM0hoEt7nJa_L9gw1TX.pdf",
    "type_of_answer": "پاسخ متنی",
    "selected_option": null,
    "is_skipped": false,
    "quiz": 5,
    "question": 5,
    "description": "",
    "student": 36,
    "satantorium_message": "پیام از طرف مصحح ارسال نشده است",
    "corrected": "کاملا اشتباه",
    "corrected_at": "2026-04-26T12:22:06.361Z",
    "score": 14.0,
    "created_at": "2026-04-26T07:42:50.232Z",
    "corrected_by": 2
  }
},
{
  "model": "quiz.studentanswer",
  "pk": 52,
  "fields": {
    "image": "",
    "pdf_file": "",
    "type_of_answer": "جواب داده نشده",
    "selected_option": null,
    "is_skipped": false,
    "quiz": 5,
    "question": 5,
    "description": null,
    "student": 37,
    "satantorium_message": "پیام از طرف مصحح ارسال نشده است",
    "corrected": "کاملا اشتباه",
    "corrected_at": "2026-04-26T12:22:54.456Z",
    "score": 15.0,
    "created_at": "2026-04-26T07:42:50.236Z",
    "corrected_by": 2
  }
},
{
  "model": "quiz.studentanswer",
  "pk": 53,
  "fields": {
    "image": "",
    "pdf_file": "",
    "type_of_answer": "جواب داده نشده",
    "selected_option": null,
    "is_skipped": false,
    "quiz": 5,
    "question": 5,
    "description": null,
    "student": 38,
    "satantorium_message": "پیام از طرف مصحح ارسال نشده است",
    "corrected": "کاملا اشتباه",
    "corrected_at": "2026-04-26T12:23:12.752Z",
    "score": 15.0,
    "created_at": "2026-04-26T07:42:50.241Z",
    "corrected_by": 2
  }
},
{
  "model": "quiz.studentanswer",
  "pk": 54,
  "fields": {
    "image": "",
    "pdf_file": "questions/JJptpoBwR8qTWin21KwHLPiB6vsssZN17Y0KIibmyGjJ5GSWSWxqslUB2Ywb8rMSpcDIQNB8R4fT1j_fkMaklT.pdf",
    "type_of_answer": "پاسخ PDF",
    "selected_option": null,
    "is_skipped": false,
    "quiz": 5,
    "question": 5,
    "description": "",
    "student": 39,
    "satantorium_message": "پیام از طرف مصحح ارسال نشده است",
    "corrected": "کاملا اشتباه",
    "corrected_at": "2026-04-26T12:23:48.338Z",
    "score": 16.0,
    "created_at": "2026-04-26T07:42:50.245Z",
    "corrected_by": 2
  }
},
{
  "model": "quiz.studentanswer",
  "pk": 55,
  "fields": {
    "image": "",
    "pdf_file": "questions/ccr8GNLoXIAaHYytOwm2ITw1BNUAQw4XmS6Mni3cScGTJjsmcBMjjtm6VcdkZccbE7R516UYE1hf3f_38donfw.pdf",
    "type_of_answer": "پاسخ PDF",
    "selected_option": null,
    "is_skipped": false,
    "quiz": 5,
    "question": 5,
    "description": "",
    "student": 40,
    "satantorium_message": "پیام از طرف مصحح ارسال نشده است",
    "corrected": "کاملا اشتباه",
    "corrected_at": "2026-04-26T12:24:26.087Z",
    "score": 13.0,
    "created_at": "2026-04-26T07:42:50.249Z",
    "corrected_by": 2
  }
},
{
  "model": "quiz.studentanswer",
  "pk": 56,
  "fields": {
    "image": "",
    "pdf_file": "",
    "type_of_answer": "جواب داده نشده",
    "selected_option": null,
    "is_skipped": false,
    "quiz": 5,
    "question": 5,
    "description": null,
    "student": 42,
    "satantorium_message": "پیام از طرف مصحح ارسال نشده است",
    "corrected": "کاملا اشتباه",
    "corrected_at": "2026-04-26T12:24:40.795Z",
    "score": 15.0,
    "created_at": "2026-04-26T07:42:50.254Z",
    "corrected_by": 2
  }
},
{
  "model": "quiz.studentanswer",
  "pk": 57,
  "fields": {
    "image": "",
    "pdf_file": "",
    "type_of_answer": "جواب داده نشده",
    "selected_option": null,
    "is_skipped": false,
    "quiz": 5,
    "question": 5,
    "description": null,
    "student": 43,
    "satantorium_message": "پیام از طرف مصحح ارسال نشده است",
    "corrected": "کاملا اشتباه",
    "corrected_at": "2026-04-26T12:24:54.448Z",
    "score": 15.0,
    "created_at": "2026-04-26T07:42:50.259Z",
    "corrected_by": 2
  }
},
{
  "model": "quiz.studentanswer",
  "pk": 58,
  "fields": {
    "image": "",
    "pdf_file": "",
    "type_of_answer": "جواب داده نشده",
    "selected_option": null,
    "is_skipped": false,
    "quiz": 5,
    "question": 5,
    "description": null,
    "student": 44,
    "satantorium_message": "پیام از طرف مصحح ارسال نشده است",
    "corrected": "کاملا اشتباه",
    "corrected_at": "2026-04-26T12:25:06.624Z",
    "score": 15.0,
    "created_at": "2026-04-26T07:42:50.264Z",
    "corrected_by": 2
  }
},
{
  "model": "quiz.studentanswer",
  "pk": 59,
  "fields": {
    "image": "",
    "pdf_file": "",
    "type_of_answer": "جواب داده نشده",
    "selected_option": null,
    "is_skipped": false,
    "quiz": 5,
    "question": 5,
    "description": null,
    "student": 45,
    "satantorium_message": "پیام از طرف مصحح ارسال نشده است",
    "corrected": "کاملا اشتباه",
    "corrected_at": "2026-04-26T12:25:20.078Z",
    "score": 15.0,
    "created_at": "2026-04-26T07:42:50.269Z",
    "corrected_by": 2
  }
},
{
  "model": "quiz.studentanswer",
  "pk": 60,
  "fields": {
    "image": "",
    "pdf_file": "",
    "type_of_answer": "جواب داده نشده",
    "selected_option": null,
    "is_skipped": false,
    "quiz": 5,
    "question": 5,
    "description": null,
    "student": 46,
    "satantorium_message": "پیام از طرف مصحح ارسال نشده است",
    "corrected": "کاملا اشتباه",
    "corrected_at": "2026-04-26T12:25:34.249Z",
    "score": 20.0,
    "created_at": "2026-04-26T07:42:50.273Z",
    "corrected_by": 2
  }
},
{
  "model": "quiz.studentanswer",
  "pk": 61,
  "fields": {
    "image": "",
    "pdf_file": "questions/LLVc3yidj5Esf684SO0aTQrwQSXpaIoWCUwDFt3ce0BiEpFcDsxEa5rZLGmSZ3wZClaxsd7j0kRkDF_UB9dE4n.pdf",
    "type_of_answer": "پاسخ PDF",
    "selected_option": null,
    "is_skipped": false,
    "quiz": 5,
    "question": 5,
    "description": "",
    "student": 41,
    "satantorium_message": "پیام از طرف مصحح ارسال نشده است",
    "corrected": "کاملا اشتباه",
    "corrected_at": "2026-04-26T12:26:08.988Z",
    "score": 14.0,
    "created_at": "2026-04-26T07:42:50.276Z",
    "corrected_by": 2
  }
},
{
  "model": "quiz.quizview",
  "pk": 1,
  "fields": {
    "quiz": 2,
    "ip": "5.123.245.24",
    "count": 8,
    "created_at": "2026-04-09T15:18:27.992Z"
  }
},
{
  "model": "quiz.quizview",
  "pk": 2,
  "fields": {
    "quiz": 2,
    "ip": "5.127.252.37",
    "count": 20,
    "created_at": "2026-04-09T15:18:39.955Z"
  }
},
{
  "model": "quiz.quizview",
  "pk": 3,
  "fields": {
    "quiz": 2,
    "ip": "185.124.157.25",
    "count": 162,
    "created_at": "2026-04-09T15:38:31.763Z"
  }
},
{
  "model": "quiz.quizview",
  "pk": 4,
  "fields": {
    "quiz": 2,
    "ip": "5.127.234.253",
    "count": 6,
    "created_at": "2026-04-10T13:45:33.737Z"
  }
},
{
  "model": "quiz.quizview",
  "pk": 5,
  "fields": {
    "quiz": 3,
    "ip": "5.124.16.149",
    "count": 2,
    "created_at": "2026-04-10T16:42:06.165Z"
  }
},
{
  "model": "quiz.quizview",
  "pk": 6,
  "fields": {
    "quiz": 3,
    "ip": "5.127.147.17",
    "count": 8,
    "created_at": "2026-04-10T18:52:08.977Z"
  }
},
{
  "model": "quiz.quizview",
  "pk": 7,
  "fields": {
    "quiz": 3,
    "ip": "5.127.215.100",
    "count": 82,
    "created_at": "2026-04-10T20:15:09.484Z"
  }
},
{
  "model": "quiz.quizview",
  "pk": 8,
  "fields": {
    "quiz": 3,
    "ip": "5.127.205.246",
    "count": 4,
    "created_at": "2026-04-11T06:09:08.301Z"
  }
},
{
  "model": "quiz.quizview",
  "pk": 9,
  "fields": {
    "quiz": 3,
    "ip": "5.127.71.244",
    "count": 18,
    "created_at": "2026-04-11T06:50:48.397Z"
  }
},
{
  "model": "quiz.quizview",
  "pk": 10,
  "fields": {
    "quiz": 3,
    "ip": "5.250.90.4",
    "count": 8,
    "created_at": "2026-04-11T15:27:59.409Z"
  }
},
{
  "model": "quiz.quizview",
  "pk": 11,
  "fields": {
    "quiz": 3,
    "ip": "93.119.50.14",
    "count": 1,
    "created_at": "2026-04-11T16:31:50.252Z"
  }
},
{
  "model": "quiz.quizview",
  "pk": 12,
  "fields": {
    "quiz": 3,
    "ip": "5.127.83.97",
    "count": 2,
    "created_at": "2026-04-12T07:48:35.674Z"
  }
},
{
  "model": "quiz.quizview",
  "pk": 13,
  "fields": {
    "quiz": 3,
    "ip": "5.127.37.206",
    "count": 2,
    "created_at": "2026-04-14T12:45:09.803Z"
  }
},
{
  "model": "quiz.quizview",
  "pk": 14,
  "fields": {
    "quiz": 2,
    "ip": "5.127.37.206",
    "count": 2,
    "created_at": "2026-04-14T12:45:16.149Z"
  }
},
{
  "model": "quiz.quizview",
  "pk": 15,
  "fields": {
    "quiz": 3,
    "ip": "5.127.137.53",
    "count": 1,
    "created_at": "2026-04-16T21:08:04.862Z"
  }
},
{
  "model": "quiz.quizview",
  "pk": 16,
  "fields": {
    "quiz": 4,
    "ip": "92.246.158.83",
    "count": 2,
    "created_at": "2026-04-17T16:58:42.241Z"
  }
},
{
  "model": "quiz.quizview",
  "pk": 17,
  "fields": {
    "quiz": 4,
    "ip": "5.127.74.213",
    "count": 2,
    "created_at": "2026-04-17T22:24:57.013Z"
  }
},
{
  "model": "quiz.quizview",
  "pk": 18,
  "fields": {
    "quiz": 4,
    "ip": "5.127.188.236",
    "count": 4,
    "created_at": "2026-04-18T05:24:25.513Z"
  }
},
{
  "model": "quiz.quizview",
  "pk": 19,
  "fields": {
    "quiz": 4,
    "ip": "5.124.91.40",
    "count": 4,
    "created_at": "2026-04-18T19:33:07.893Z"
  }
},
{
  "model": "quiz.quizview",
  "pk": 20,
  "fields": {
    "quiz": 4,
    "ip": "91.251.200.198",
    "count": 3,
    "created_at": "2026-04-19T07:27:15.885Z"
  }
},
{
  "model": "quiz.quizview",
  "pk": 21,
  "fields": {
    "quiz": 4,
    "ip": "37.255.70.227",
    "count": 1,
    "created_at": "2026-04-19T08:20:04.687Z"
  }
},
{
  "model": "quiz.quizview",
  "pk": 22,
  "fields": {
    "quiz": 4,
    "ip": "5.127.194.25",
    "count": 3,
    "created_at": "2026-04-23T15:03:22.141Z"
  }
},
{
  "model": "quiz.quizview",
  "pk": 23,
  "fields": {
    "quiz": 4,
    "ip": "151.234.174.12",
    "count": 2,
    "created_at": "2026-04-25T15:56:22.184Z"
  }
},
{
  "model": "quiz.quizview",
  "pk": 24,
  "fields": {
    "quiz": 2,
    "ip": "158.58.91.38",
    "count": 1,
    "created_at": "2026-04-25T16:07:08.131Z"
  }
},
{
  "model": "quiz.quizview",
  "pk": 25,
  "fields": {
    "quiz": 5,
    "ip": "5.124.164.171",
    "count": 2,
    "created_at": "2026-04-25T16:40:51.697Z"
  }
},
{
  "model": "quiz.quizview",
  "pk": 26,
  "fields": {
    "quiz": 5,
    "ip": "158.58.91.38",
    "count": 2,
    "created_at": "2026-04-25T19:28:43.287Z"
  }
},
{
  "model": "quiz.quizview",
  "pk": 27,
  "fields": {
    "quiz": 3,
    "ip": "151.234.174.23",
    "count": 1,
    "created_at": "2026-04-26T00:03:11.964Z"
  }
},
{
  "model": "quiz.quizview",
  "pk": 28,
  "fields": {
    "quiz": 5,
    "ip": "5.127.137.198",
    "count": 4,
    "created_at": "2026-04-26T06:45:29.816Z"
  }
},
{
  "model": "quiz.quizview",
  "pk": 29,
  "fields": {
    "quiz": 5,
    "ip": "5.127.175.58",
    "count": 2,
    "created_at": "2026-04-26T06:55:42.171Z"
  }
},
{
  "model": "quiz.quizview",
  "pk": 30,
  "fields": {
    "quiz": 5,
    "ip": "2.184.42.103",
    "count": 1,
    "created_at": "2026-04-26T06:56:22.138Z"
  }
},
{
  "model": "quiz.quizview",
  "pk": 31,
  "fields": {
    "quiz": 5,
    "ip": "5.123.224.220",
    "count": 1,
    "created_at": "2026-04-26T14:00:30.802Z"
  }
},
{
  "model": "quiz.quizview",
  "pk": 32,
  "fields": {
    "quiz": 5,
    "ip": "84.47.196.80",
    "count": 2,
    "created_at": "2026-04-26T15:02:22.707Z"
  }
},
{
  "model": "quiz.quizview",
  "pk": 33,
  "fields": {
    "quiz": 5,
    "ip": "80.191.134.4",
    "count": 1,
    "created_at": "2026-04-26T16:31:10.183Z"
  }
},
{
  "model": "quiz.quizview",
  "pk": 34,
  "fields": {
    "quiz": 5,
    "ip": "5.250.56.236",
    "count": 2,
    "created_at": "2026-04-26T17:34:15.887Z"
  }
},
{
  "model": "quiz.quizview",
  "pk": 35,
  "fields": {
    "quiz": 5,
    "ip": "2.183.221.21",
    "count": 1,
    "created_at": "2026-04-26T17:54:12.230Z"
  }
},
{
  "model": "quiz.quizview",
  "pk": 36,
  "fields": {
    "quiz": 5,
    "ip": "91.251.115.224",
    "count": 9,
    "created_at": "2026-04-27T06:42:02.312Z"
  }
},
{
  "model": "quiz.quizview",
  "pk": 37,
  "fields": {
    "quiz": 5,
    "ip": "5.22.67.212",
    "count": 4,
    "created_at": "2026-04-27T19:05:34.048Z"
  }
},
{
  "model": "quiz.quizview",
  "pk": 38,
  "fields": {
    "quiz": 4,
    "ip": "5.22.67.212",
    "count": 2,
    "created_at": "2026-04-27T19:07:15.548Z"
  }
},
{
  "model": "quiz.quizview",
  "pk": 39,
  "fields": {
    "quiz": 6,
    "ip": "5.22.67.212",
    "count": 2,
    "created_at": "2026-04-27T19:07:20.085Z"
  }
},
{
  "model": "quiz.quizview",
  "pk": 40,
  "fields": {
    "quiz": 6,
    "ip": "5.127.35.91",
    "count": 1,
    "created_at": "2026-04-28T10:46:23.277Z"
  }
},
{
  "model": "quiz.quizview",
  "pk": 41,
  "fields": {
    "quiz": 5,
    "ip": "5.127.35.91",
    "count": 1,
    "created_at": "2026-04-28T10:46:42.546Z"
  }
},
{
  "model": "quiz.quizview",
  "pk": 42,
  "fields": {
    "quiz": 6,
    "ip": "5.127.6.96",
    "count": 1,
    "created_at": "2026-04-28T12:52:29.126Z"
  }
},
{
  "model": "quiz.quizview",
  "pk": 43,
  "fields": {
    "quiz": 2,
    "ip": "5.127.6.96",
    "count": 1,
    "created_at": "2026-04-28T12:52:57.141Z"
  }
},
{
  "model": "quiz.quizview",
  "pk": 44,
  "fields": {
    "quiz": 2,
    "ip": "91.251.143.4",
    "count": 1,
    "created_at": "2026-04-29T12:31:29.013Z"
  }
},
{
  "model": "quiz.quizview",
  "pk": 45,
  "fields": {
    "quiz": 5,
    "ip": "5.124.100.113",
    "count": 1,
    "created_at": "2026-04-29T13:08:13.353Z"
  }
},
{
  "model": "quiz.quizview",
  "pk": 46,
  "fields": {
    "quiz": 6,
    "ip": "5.124.100.113",
    "count": 1,
    "created_at": "2026-04-29T13:11:42.148Z"
  }
},
{
  "model": "quiz.quizview",
  "pk": 47,
  "fields": {
    "quiz": 5,
    "ip": "17.246.15.114",
    "count": 1,
    "created_at": "2026-05-01T08:51:22.164Z"
  }
},
{
  "model": "quiz.quizview",
  "pk": 48,
  "fields": {
    "quiz": 4,
    "ip": "17.241.227.180",
    "count": 1,
    "created_at": "2026-05-01T10:22:40.133Z"
  }
},
{
  "model": "report.report",
  "pk": 3,
  "fields": {
    "user": 1,
    "quiz": 2,
    "grade": 3,
    "major": 2,
    "lession": 2,
    "score": 18,
    "percent": 91,
    "teraze": 4847,
    "order": 2,
    "status": "عالی",
    "created_at": "2026-04-09T18:14:34.246Z"
  }
},
{
  "model": "report.report",
  "pk": 4,
  "fields": {
    "user": 2,
    "quiz": 2,
    "grade": 3,
    "major": 2,
    "lession": 2,
    "score": 17,
    "percent": 85,
    "teraze": 4049,
    "order": 3,
    "status": "عالی",
    "created_at": "2026-04-09T18:14:34.253Z"
  }
},
{
  "model": "report.report",
  "pk": 5,
  "fields": {
    "user": 3,
    "quiz": 2,
    "grade": 3,
    "major": 2,
    "lession": 2,
    "score": 20,
    "percent": 100,
    "teraze": 6043,
    "order": 1,
    "status": "عالی",
    "created_at": "2026-04-09T18:14:34.261Z"
  }
},
{
  "model": "report.report",
  "pk": 6,
  "fields": {
    "user": 7,
    "quiz": 3,
    "grade": 1,
    "major": 2,
    "lession": 7,
    "score": 19,
    "percent": 96,
    "teraze": 7092,
    "order": 1,
    "status": "عالی",
    "created_at": "2026-04-11T14:58:59.148Z"
  }
},
{
  "model": "report.report",
  "pk": 7,
  "fields": {
    "user": 9,
    "quiz": 3,
    "grade": 1,
    "major": 2,
    "lession": 7,
    "score": 11,
    "percent": 58,
    "teraze": 4419,
    "order": 8,
    "status": "خوب",
    "created_at": "2026-04-11T14:58:59.158Z"
  }
},
{
  "model": "report.report",
  "pk": 8,
  "fields": {
    "user": 11,
    "quiz": 3,
    "grade": 1,
    "major": 2,
    "lession": 7,
    "score": 17,
    "percent": 85,
    "teraze": 6318,
    "order": 2,
    "status": "عالی",
    "created_at": "2026-04-11T14:58:59.166Z"
  }
},
{
  "model": "report.report",
  "pk": 9,
  "fields": {
    "user": 12,
    "quiz": 3,
    "grade": 1,
    "major": 2,
    "lession": 7,
    "score": 11,
    "percent": 55,
    "teraze": 4208,
    "order": 9,
    "status": "خوب",
    "created_at": "2026-04-11T14:58:59.175Z"
  }
},
{
  "model": "report.report",
  "pk": 10,
  "fields": {
    "user": 13,
    "quiz": 3,
    "grade": 1,
    "major": 2,
    "lession": 7,
    "score": 11,
    "percent": 58,
    "teraze": 4419,
    "order": 7,
    "status": "خوب",
    "created_at": "2026-04-11T14:58:59.184Z"
  }
},
{
  "model": "report.report",
  "pk": 11,
  "fields": {
    "user": 14,
    "quiz": 3,
    "grade": 1,
    "major": 2,
    "lession": 7,
    "score": 13,
    "percent": 65,
    "teraze": 4912,
    "order": 5,
    "status": "خوب",
    "created_at": "2026-04-11T14:58:59.192Z"
  }
},
{
  "model": "report.report",
  "pk": 12,
  "fields": {
    "user": 15,
    "quiz": 3,
    "grade": 1,
    "major": 2,
    "lession": 7,
    "score": 14,
    "percent": 73,
    "teraze": 5474,
    "order": 3,
    "status": "خوب",
    "created_at": "2026-04-11T14:58:59.201Z"
  }
},
{
  "model": "report.report",
  "pk": 13,
  "fields": {
    "user": 16,
    "quiz": 3,
    "grade": 1,
    "major": 2,
    "lession": 7,
    "score": 14,
    "percent": 70,
    "teraze": 5263,
    "order": 4,
    "status": "خوب",
    "created_at": "2026-04-11T14:58:59.209Z"
  }
},
{
  "model": "report.report",
  "pk": 14,
  "fields": {
    "user": 17,
    "quiz": 3,
    "grade": 1,
    "major": 2,
    "lession": 7,
    "score": 10,
    "percent": 52,
    "teraze": 3997,
    "order": 10,
    "status": "خوب",
    "created_at": "2026-04-11T14:58:59.217Z"
  }
},
{
  "model": "report.report",
  "pk": 15,
  "fields": {
    "user": 18,
    "quiz": 3,
    "grade": 1,
    "major": 2,
    "lession": 7,
    "score": 10,
    "percent": 50,
    "teraze": 3857,
    "order": 11,
    "status": "متوسط",
    "created_at": "2026-04-11T14:58:59.225Z"
  }
},
{
  "model": "report.report",
  "pk": 16,
  "fields": {
    "user": 19,
    "quiz": 3,
    "grade": 1,
    "major": 2,
    "lession": 7,
    "score": 12,
    "percent": 63,
    "teraze": 4771,
    "order": 6,
    "status": "خوب",
    "created_at": "2026-04-11T14:58:59.235Z"
  }
},
{
  "model": "report.report",
  "pk": 17,
  "fields": {
    "user": 3,
    "quiz": 4,
    "grade": 1,
    "major": 2,
    "lession": 9,
    "score": 0,
    "percent": 0,
    "teraze": 3364,
    "order": 12,
    "status": "نیاز به تلاش بیشتر",
    "created_at": "2026-04-18T18:38:37.054Z"
  }
},
{
  "model": "report.report",
  "pk": 18,
  "fields": {
    "user": 7,
    "quiz": 4,
    "grade": 1,
    "major": 2,
    "lession": 9,
    "score": 12,
    "percent": 60,
    "teraze": 6308,
    "order": 3,
    "status": "خوب",
    "created_at": "2026-04-18T18:38:37.092Z"
  }
},
{
  "model": "report.report",
  "pk": 19,
  "fields": {
    "user": 9,
    "quiz": 4,
    "grade": 1,
    "major": 2,
    "lession": 9,
    "score": 5,
    "percent": 25,
    "teraze": 4591,
    "order": 8,
    "status": "نیاز به تلاش بیشتر",
    "created_at": "2026-04-18T18:38:37.100Z"
  }
},
{
  "model": "report.report",
  "pk": 20,
  "fields": {
    "user": 11,
    "quiz": 4,
    "grade": 1,
    "major": 2,
    "lession": 9,
    "score": 7,
    "percent": 35,
    "teraze": 5081,
    "order": 4,
    "status": "متوسط",
    "created_at": "2026-04-18T18:38:37.108Z"
  }
},
{
  "model": "report.report",
  "pk": 21,
  "fields": {
    "user": 12,
    "quiz": 4,
    "grade": 1,
    "major": 2,
    "lession": 9,
    "score": 5,
    "percent": 25,
    "teraze": 4591,
    "order": 7,
    "status": "نیاز به تلاش بیشتر",
    "created_at": "2026-04-18T18:38:37.115Z"
  }
},
{
  "model": "report.report",
  "pk": 22,
  "fields": {
    "user": 13,
    "quiz": 4,
    "grade": 1,
    "major": 2,
    "lession": 9,
    "score": 4,
    "percent": 20,
    "teraze": 4345,
    "order": 9,
    "status": "نیاز به تلاش بیشتر",
    "created_at": "2026-04-18T18:38:37.131Z"
  }
},
{
  "model": "report.report",
  "pk": 23,
  "fields": {
    "user": 14,
    "quiz": 4,
    "grade": 1,
    "major": 2,
    "lession": 9,
    "score": 7,
    "percent": 35,
    "teraze": 5081,
    "order": 5,
    "status": "متوسط",
    "created_at": "2026-04-18T18:38:37.139Z"
  }
},
{
  "model": "report.report",
  "pk": 24,
  "fields": {
    "user": 15,
    "quiz": 4,
    "grade": 1,
    "major": 2,
    "lession": 9,
    "score": 12,
    "percent": 60,
    "teraze": 6308,
    "order": 2,
    "status": "خوب",
    "created_at": "2026-04-18T18:38:37.148Z"
  }
},
{
  "model": "report.report",
  "pk": 25,
  "fields": {
    "user": 16,
    "quiz": 4,
    "grade": 1,
    "major": 2,
    "lession": 9,
    "score": 4,
    "percent": 20,
    "teraze": 4345,
    "order": 11,
    "status": "نیاز به تلاش بیشتر",
    "created_at": "2026-04-18T18:38:37.161Z"
  }
},
{
  "model": "report.report",
  "pk": 26,
  "fields": {
    "user": 17,
    "quiz": 4,
    "grade": 1,
    "major": 2,
    "lession": 9,
    "score": 14,
    "percent": 70,
    "teraze": 6799,
    "order": 1,
    "status": "خوب",
    "created_at": "2026-04-18T18:38:37.169Z"
  }
},
{
  "model": "report.report",
  "pk": 27,
  "fields": {
    "user": 18,
    "quiz": 4,
    "grade": 1,
    "major": 2,
    "lession": 9,
    "score": 4,
    "percent": 20,
    "teraze": 4345,
    "order": 10,
    "status": "نیاز به تلاش بیشتر",
    "created_at": "2026-04-18T18:38:37.177Z"
  }
},
{
  "model": "report.report",
  "pk": 28,
  "fields": {
    "user": 19,
    "quiz": 4,
    "grade": 1,
    "major": 2,
    "lession": 9,
    "score": 6,
    "percent": 30,
    "teraze": 4836,
    "order": 6,
    "status": "متوسط",
    "created_at": "2026-04-18T18:38:37.185Z"
  }
},
{
  "model": "report.report",
  "pk": 29,
  "fields": {
    "user": 14,
    "quiz": 5,
    "grade": 3,
    "major": 2,
    "lession": 4,
    "score": 15,
    "percent": 75,
    "teraze": 4663,
    "order": 8,
    "status": "خوب",
    "created_at": "2026-04-26T12:27:01.410Z"
  }
},
{
  "model": "report.report",
  "pk": 30,
  "fields": {
    "user": 25,
    "quiz": 5,
    "grade": 3,
    "major": 2,
    "lession": 4,
    "score": 15,
    "percent": 75,
    "teraze": 4663,
    "order": 17,
    "status": "خوب",
    "created_at": "2026-04-26T12:27:01.450Z"
  }
},
{
  "model": "report.report",
  "pk": 31,
  "fields": {
    "user": 26,
    "quiz": 5,
    "grade": 3,
    "major": 2,
    "lession": 4,
    "score": 15,
    "percent": 75,
    "teraze": 4663,
    "order": 16,
    "status": "خوب",
    "created_at": "2026-04-26T12:27:01.462Z"
  }
},
{
  "model": "report.report",
  "pk": 32,
  "fields": {
    "user": 27,
    "quiz": 5,
    "grade": 3,
    "major": 2,
    "lession": 4,
    "score": 15,
    "percent": 75,
    "teraze": 4663,
    "order": 15,
    "status": "خوب",
    "created_at": "2026-04-26T12:27:01.474Z"
  }
},
{
  "model": "report.report",
  "pk": 33,
  "fields": {
    "user": 7,
    "quiz": 5,
    "grade": 3,
    "major": 2,
    "lession": 4,
    "score": 15,
    "percent": 75,
    "teraze": 4663,
    "order": 14,
    "status": "خوب",
    "created_at": "2026-04-26T12:27:01.486Z"
  }
},
{
  "model": "report.report",
  "pk": 34,
  "fields": {
    "user": 22,
    "quiz": 5,
    "grade": 3,
    "major": 2,
    "lession": 4,
    "score": 6,
    "percent": 30,
    "teraze": 3125,
    "order": 24,
    "status": "خوب",
    "created_at": "2026-04-26T12:27:01.499Z"
  }
},
{
  "model": "report.report",
  "pk": 35,
  "fields": {
    "user": 19,
    "quiz": 5,
    "grade": 3,
    "major": 2,
    "lession": 4,
    "score": 15,
    "percent": 75,
    "teraze": 4663,
    "order": 23,
    "status": "خوب",
    "created_at": "2026-04-26T12:27:01.511Z"
  }
},
{
  "model": "report.report",
  "pk": 36,
  "fields": {
    "user": 30,
    "quiz": 5,
    "grade": 3,
    "major": 2,
    "lession": 4,
    "score": 15,
    "percent": 75,
    "teraze": 4663,
    "order": 22,
    "status": "خوب",
    "created_at": "2026-04-26T12:27:01.524Z"
  }
},
{
  "model": "report.report",
  "pk": 37,
  "fields": {
    "user": 24,
    "quiz": 5,
    "grade": 3,
    "major": 2,
    "lession": 4,
    "score": 15,
    "percent": 75,
    "teraze": 4663,
    "order": 21,
    "status": "خوب",
    "created_at": "2026-04-26T12:27:01.535Z"
  }
},
{
  "model": "report.report",
  "pk": 38,
  "fields": {
    "user": 16,
    "quiz": 5,
    "grade": 3,
    "major": 2,
    "lession": 4,
    "score": 15,
    "percent": 75,
    "teraze": 4663,
    "order": 20,
    "status": "خوب",
    "created_at": "2026-04-26T12:27:01.545Z"
  }
},
{
  "model": "report.report",
  "pk": 39,
  "fields": {
    "user": 21,
    "quiz": 5,
    "grade": 3,
    "major": 2,
    "lession": 4,
    "score": 15,
    "percent": 75,
    "teraze": 4663,
    "order": 19,
    "status": "خوب",
    "created_at": "2026-04-26T12:27:01.558Z"
  }
},
{
  "model": "report.report",
  "pk": 40,
  "fields": {
    "user": 31,
    "quiz": 5,
    "grade": 3,
    "major": 2,
    "lession": 4,
    "score": 15,
    "percent": 75,
    "teraze": 4663,
    "order": 18,
    "status": "خوب",
    "created_at": "2026-04-26T12:27:01.569Z"
  }
},
{
  "model": "report.report",
  "pk": 41,
  "fields": {
    "user": 29,
    "quiz": 5,
    "grade": 3,
    "major": 2,
    "lession": 4,
    "score": 20,
    "percent": 100,
    "teraze": 7018,
    "order": 2,
    "status": "عالی",
    "created_at": "2026-04-26T12:27:01.579Z"
  }
},
{
  "model": "report.report",
  "pk": 42,
  "fields": {
    "user": 32,
    "quiz": 5,
    "grade": 3,
    "major": 2,
    "lession": 4,
    "score": 20,
    "percent": 100,
    "teraze": 7018,
    "order": 3,
    "status": "عالی",
    "created_at": "2026-04-26T12:27:01.595Z"
  }
},
{
  "model": "report.report",
  "pk": 43,
  "fields": {
    "user": 33,
    "quiz": 5,
    "grade": 3,
    "major": 2,
    "lession": 4,
    "score": 20,
    "percent": 100,
    "teraze": 7018,
    "order": 5,
    "status": "عالی",
    "created_at": "2026-04-26T12:27:01.604Z"
  }
},
{
  "model": "report.report",
  "pk": 44,
  "fields": {
    "user": 34,
    "quiz": 5,
    "grade": 3,
    "major": 2,
    "lession": 4,
    "score": 13,
    "percent": 65,
    "teraze": 3721,
    "order": 27,
    "status": "خوب",
    "created_at": "2026-04-26T12:27:01.612Z"
  }
},
{
  "model": "report.report",
  "pk": 45,
  "fields": {
    "user": 35,
    "quiz": 5,
    "grade": 3,
    "major": 2,
    "lession": 4,
    "score": 20,
    "percent": 100,
    "teraze": 7018,
    "order": 4,
    "status": "عالی",
    "created_at": "2026-04-26T12:27:01.621Z"
  }
},
{
  "model": "report.report",
  "pk": 46,
  "fields": {
    "user": 36,
    "quiz": 5,
    "grade": 3,
    "major": 2,
    "lession": 4,
    "score": 14,
    "percent": 70,
    "teraze": 4192,
    "order": 25,
    "status": "خوب",
    "created_at": "2026-04-26T12:27:01.630Z"
  }
},
{
  "model": "report.report",
  "pk": 47,
  "fields": {
    "user": 37,
    "quiz": 5,
    "grade": 3,
    "major": 2,
    "lession": 4,
    "score": 15,
    "percent": 75,
    "teraze": 4663,
    "order": 7,
    "status": "خوب",
    "created_at": "2026-04-26T12:27:01.638Z"
  }
},
{
  "model": "report.report",
  "pk": 48,
  "fields": {
    "user": 38,
    "quiz": 5,
    "grade": 3,
    "major": 2,
    "lession": 4,
    "score": 15,
    "percent": 75,
    "teraze": 4663,
    "order": 13,
    "status": "خوب",
    "created_at": "2026-04-26T12:27:01.647Z"
  }
},
{
  "model": "report.report",
  "pk": 49,
  "fields": {
    "user": 39,
    "quiz": 5,
    "grade": 3,
    "major": 2,
    "lession": 4,
    "score": 16,
    "percent": 80,
    "teraze": 5134,
    "order": 6,
    "status": "عالی",
    "created_at": "2026-04-26T12:27:01.656Z"
  }
},
{
  "model": "report.report",
  "pk": 50,
  "fields": {
    "user": 40,
    "quiz": 5,
    "grade": 3,
    "major": 2,
    "lession": 4,
    "score": 13,
    "percent": 65,
    "teraze": 3721,
    "order": 28,
    "status": "خوب",
    "created_at": "2026-04-26T12:27:01.668Z"
  }
},
{
  "model": "report.report",
  "pk": 51,
  "fields": {
    "user": 42,
    "quiz": 5,
    "grade": 3,
    "major": 2,
    "lession": 4,
    "score": 15,
    "percent": 75,
    "teraze": 4663,
    "order": 12,
    "status": "خوب",
    "created_at": "2026-04-26T12:27:01.680Z"
  }
},
{
  "model": "report.report",
  "pk": 52,
  "fields": {
    "user": 43,
    "quiz": 5,
    "grade": 3,
    "major": 2,
    "lession": 4,
    "score": 15,
    "percent": 75,
    "teraze": 4663,
    "order": 11,
    "status": "خوب",
    "created_at": "2026-04-26T12:27:01.689Z"
  }
},
{
  "model": "report.report",
  "pk": 53,
  "fields": {
    "user": 44,
    "quiz": 5,
    "grade": 3,
    "major": 2,
    "lession": 4,
    "score": 15,
    "percent": 75,
    "teraze": 4663,
    "order": 10,
    "status": "خوب",
    "created_at": "2026-04-26T12:27:01.697Z"
  }
},
{
  "model": "report.report",
  "pk": 54,
  "fields": {
    "user": 45,
    "quiz": 5,
    "grade": 3,
    "major": 2,
    "lession": 4,
    "score": 15,
    "percent": 75,
    "teraze": 4663,
    "order": 9,
    "status": "خوب",
    "created_at": "2026-04-26T12:27:01.704Z"
  }
},
{
  "model": "report.report",
  "pk": 55,
  "fields": {
    "user": 46,
    "quiz": 5,
    "grade": 3,
    "major": 2,
    "lession": 4,
    "score": 20,
    "percent": 100,
    "teraze": 7018,
    "order": 1,
    "status": "عالی",
    "created_at": "2026-04-26T12:27:01.712Z"
  }
},
{
  "model": "report.report",
  "pk": 56,
  "fields": {
    "user": 41,
    "quiz": 5,
    "grade": 3,
    "major": 2,
    "lession": 4,
    "score": 14,
    "percent": 70,
    "teraze": 4192,
    "order": 26,
    "status": "خوب",
    "created_at": "2026-04-26T12:27:01.720Z"
  }
},
{
  "model": "sanatorium.sanatoriumwallet",
  "pk": 1,
  "fields": {
    "user": 1,
    "quiz": 2,
    "final_price": 0,
    "create_at": "2026-04-09T16:48:29.349Z",
    "update_at": "2026-04-09T16:49:24.426Z",
    "is_active": true,
    "status": "تصفیه شده"
  }
},
{
  "model": "sanatorium.sanatoriumwallet",
  "pk": 2,
  "fields": {
    "user": 2,
    "quiz": 2,
    "final_price": 0,
    "create_at": "2026-04-09T18:00:59.409Z",
    "update_at": "2026-04-09T18:05:35.192Z",
    "is_active": true,
    "status": "درخواست تصفیه"
  }
},
{
  "model": "sanatorium.sanatoriumwallet",
  "pk": 3,
  "fields": {
    "user": 2,
    "quiz": 3,
    "final_price": 640000,
    "create_at": "2026-04-11T14:32:27.376Z",
    "update_at": null,
    "is_active": true,
    "status": "جاری"
  }
},
{
  "model": "sanatorium.sanatoriumwallet",
  "pk": 4,
  "fields": {
    "user": 2,
    "quiz": 4,
    "final_price": 360000,
    "create_at": "2026-04-18T18:30:32.462Z",
    "update_at": null,
    "is_active": true,
    "status": "جاری"
  }
},
{
  "model": "sanatorium.sanatoriumwallet",
  "pk": 5,
  "fields": {
    "user": 2,
    "quiz": 5,
    "final_price": 0,
    "create_at": "2026-04-26T12:15:08.490Z",
    "update_at": null,
    "is_active": true,
    "status": "جاری"
  }
},
{
  "model": "sanatorium.walletdetails",
  "pk": 1,
  "fields": {
    "wallet": 1,
    "answer": 5,
    "price": 0,
    "create_at": "2026-04-09T16:48:29.356Z",
    "is_active": true
  }
},
{
  "model": "sanatorium.walletdetails",
  "pk": 2,
  "fields": {
    "wallet": 2,
    "answer": 1,
    "price": 0,
    "create_at": "2026-04-09T18:00:59.412Z",
    "is_active": true
  }
},
{
  "model": "sanatorium.walletdetails",
  "pk": 3,
  "fields": {
    "wallet": 2,
    "answer": 2,
    "price": 0,
    "create_at": "2026-04-09T18:02:10.569Z",
    "is_active": true
  }
},
{
  "model": "sanatorium.walletdetails",
  "pk": 4,
  "fields": {
    "wallet": 2,
    "answer": null,
    "price": 0,
    "create_at": "2026-04-09T18:02:39.020Z",
    "is_active": true
  }
},
{
  "model": "sanatorium.walletdetails",
  "pk": 5,
  "fields": {
    "wallet": 2,
    "answer": null,
    "price": 0,
    "create_at": "2026-04-09T18:03:36.267Z",
    "is_active": true
  }
},
{
  "model": "sanatorium.walletdetails",
  "pk": 6,
  "fields": {
    "wallet": 3,
    "answer": 6,
    "price": 40000,
    "create_at": "2026-04-11T14:32:27.379Z",
    "is_active": true
  }
},
{
  "model": "sanatorium.walletdetails",
  "pk": 7,
  "fields": {
    "wallet": 3,
    "answer": 7,
    "price": 40000,
    "create_at": "2026-04-11T14:35:48.061Z",
    "is_active": true
  }
},
{
  "model": "sanatorium.walletdetails",
  "pk": 8,
  "fields": {
    "wallet": 3,
    "answer": 8,
    "price": 40000,
    "create_at": "2026-04-11T14:38:15.474Z",
    "is_active": true
  }
},
{
  "model": "sanatorium.walletdetails",
  "pk": 9,
  "fields": {
    "wallet": 3,
    "answer": 9,
    "price": 40000,
    "create_at": "2026-04-11T14:38:44.514Z",
    "is_active": true
  }
},
{
  "model": "sanatorium.walletdetails",
  "pk": 10,
  "fields": {
    "wallet": 3,
    "answer": 10,
    "price": 40000,
    "create_at": "2026-04-11T14:39:39.624Z",
    "is_active": true
  }
},
{
  "model": "sanatorium.walletdetails",
  "pk": 11,
  "fields": {
    "wallet": 3,
    "answer": 11,
    "price": 40000,
    "create_at": "2026-04-11T14:40:07.352Z",
    "is_active": true
  }
},
{
  "model": "sanatorium.walletdetails",
  "pk": 12,
  "fields": {
    "wallet": 3,
    "answer": 12,
    "price": 40000,
    "create_at": "2026-04-11T14:41:20.906Z",
    "is_active": true
  }
},
{
  "model": "sanatorium.walletdetails",
  "pk": 13,
  "fields": {
    "wallet": 3,
    "answer": 13,
    "price": 40000,
    "create_at": "2026-04-11T14:41:37.900Z",
    "is_active": true
  }
},
{
  "model": "sanatorium.walletdetails",
  "pk": 14,
  "fields": {
    "wallet": 3,
    "answer": 14,
    "price": 40000,
    "create_at": "2026-04-11T14:42:02.867Z",
    "is_active": true
  }
},
{
  "model": "sanatorium.walletdetails",
  "pk": 15,
  "fields": {
    "wallet": 3,
    "answer": 15,
    "price": 40000,
    "create_at": "2026-04-11T14:49:54.992Z",
    "is_active": true
  }
},
{
  "model": "sanatorium.walletdetails",
  "pk": 16,
  "fields": {
    "wallet": 3,
    "answer": 16,
    "price": 40000,
    "create_at": "2026-04-11T14:51:55.595Z",
    "is_active": true
  }
},
{
  "model": "sanatorium.walletdetails",
  "pk": 17,
  "fields": {
    "wallet": 3,
    "answer": 17,
    "price": 40000,
    "create_at": "2026-04-11T14:52:21.023Z",
    "is_active": true
  }
},
{
  "model": "sanatorium.walletdetails",
  "pk": 18,
  "fields": {
    "wallet": 3,
    "answer": 18,
    "price": 40000,
    "create_at": "2026-04-11T14:53:44.952Z",
    "is_active": true
  }
},
{
  "model": "sanatorium.walletdetails",
  "pk": 19,
  "fields": {
    "wallet": 3,
    "answer": 19,
    "price": 40000,
    "create_at": "2026-04-11T14:54:55.652Z",
    "is_active": true
  }
},
{
  "model": "sanatorium.walletdetails",
  "pk": 20,
  "fields": {
    "wallet": 3,
    "answer": 20,
    "price": 40000,
    "create_at": "2026-04-11T14:56:26.269Z",
    "is_active": true
  }
},
{
  "model": "sanatorium.walletdetails",
  "pk": 21,
  "fields": {
    "wallet": 3,
    "answer": 21,
    "price": 40000,
    "create_at": "2026-04-11T14:56:59.436Z",
    "is_active": true
  }
},
{
  "model": "sanatorium.walletdetails",
  "pk": 22,
  "fields": {
    "wallet": 4,
    "answer": 22,
    "price": 30000,
    "create_at": "2026-04-18T18:30:32.476Z",
    "is_active": true
  }
},
{
  "model": "sanatorium.walletdetails",
  "pk": 23,
  "fields": {
    "wallet": 4,
    "answer": 25,
    "price": 30000,
    "create_at": "2026-04-18T18:31:43.963Z",
    "is_active": true
  }
},
{
  "model": "sanatorium.walletdetails",
  "pk": 24,
  "fields": {
    "wallet": 4,
    "answer": 26,
    "price": 30000,
    "create_at": "2026-04-18T18:32:12.191Z",
    "is_active": true
  }
},
{
  "model": "sanatorium.walletdetails",
  "pk": 25,
  "fields": {
    "wallet": 4,
    "answer": 30,
    "price": 30000,
    "create_at": "2026-04-18T18:35:05.918Z",
    "is_active": true
  }
},
{
  "model": "sanatorium.walletdetails",
  "pk": 26,
  "fields": {
    "wallet": 4,
    "answer": 29,
    "price": 30000,
    "create_at": "2026-04-18T18:35:41.700Z",
    "is_active": true
  }
},
{
  "model": "sanatorium.walletdetails",
  "pk": 27,
  "fields": {
    "wallet": 4,
    "answer": 23,
    "price": 30000,
    "create_at": "2026-04-18T18:36:00.912Z",
    "is_active": true
  }
},
{
  "model": "sanatorium.walletdetails",
  "pk": 28,
  "fields": {
    "wallet": 4,
    "answer": 27,
    "price": 30000,
    "create_at": "2026-04-18T18:36:16.442Z",
    "is_active": true
  }
},
{
  "model": "sanatorium.walletdetails",
  "pk": 29,
  "fields": {
    "wallet": 4,
    "answer": 24,
    "price": 30000,
    "create_at": "2026-04-18T18:36:34.852Z",
    "is_active": true
  }
},
{
  "model": "sanatorium.walletdetails",
  "pk": 30,
  "fields": {
    "wallet": 4,
    "answer": 31,
    "price": 30000,
    "create_at": "2026-04-18T18:37:01.459Z",
    "is_active": true
  }
},
{
  "model": "sanatorium.walletdetails",
  "pk": 31,
  "fields": {
    "wallet": 4,
    "answer": 32,
    "price": 30000,
    "create_at": "2026-04-18T18:37:15.022Z",
    "is_active": true
  }
},
{
  "model": "sanatorium.walletdetails",
  "pk": 32,
  "fields": {
    "wallet": 4,
    "answer": 28,
    "price": 30000,
    "create_at": "2026-04-18T18:37:34.374Z",
    "is_active": true
  }
},
{
  "model": "sanatorium.walletdetails",
  "pk": 33,
  "fields": {
    "wallet": 4,
    "answer": 33,
    "price": 30000,
    "create_at": "2026-04-18T18:37:45.931Z",
    "is_active": true
  }
},
{
  "model": "sanatorium.walletdetails",
  "pk": 34,
  "fields": {
    "wallet": 5,
    "answer": 34,
    "price": 0,
    "create_at": "2026-04-26T12:15:08.493Z",
    "is_active": true
  }
},
{
  "model": "sanatorium.walletdetails",
  "pk": 35,
  "fields": {
    "wallet": 5,
    "answer": 35,
    "price": 0,
    "create_at": "2026-04-26T12:15:27.743Z",
    "is_active": true
  }
},
{
  "model": "sanatorium.walletdetails",
  "pk": 36,
  "fields": {
    "wallet": 5,
    "answer": 36,
    "price": 0,
    "create_at": "2026-04-26T12:15:46.150Z",
    "is_active": true
  }
},
{
  "model": "sanatorium.walletdetails",
  "pk": 37,
  "fields": {
    "wallet": 5,
    "answer": 37,
    "price": 0,
    "create_at": "2026-04-26T12:16:12.330Z",
    "is_active": true
  }
},
{
  "model": "sanatorium.walletdetails",
  "pk": 38,
  "fields": {
    "wallet": 5,
    "answer": 38,
    "price": 0,
    "create_at": "2026-04-26T12:16:35.507Z",
    "is_active": true
  }
},
{
  "model": "sanatorium.walletdetails",
  "pk": 39,
  "fields": {
    "wallet": 5,
    "answer": 39,
    "price": 0,
    "create_at": "2026-04-26T12:17:15.659Z",
    "is_active": true
  }
},
{
  "model": "sanatorium.walletdetails",
  "pk": 40,
  "fields": {
    "wallet": 5,
    "answer": 40,
    "price": 0,
    "create_at": "2026-04-26T12:17:36.306Z",
    "is_active": true
  }
},
{
  "model": "sanatorium.walletdetails",
  "pk": 41,
  "fields": {
    "wallet": 5,
    "answer": 41,
    "price": 0,
    "create_at": "2026-04-26T12:18:10.630Z",
    "is_active": true
  }
},
{
  "model": "sanatorium.walletdetails",
  "pk": 42,
  "fields": {
    "wallet": 5,
    "answer": 42,
    "price": 0,
    "create_at": "2026-04-26T12:18:26.706Z",
    "is_active": true
  }
},
{
  "model": "sanatorium.walletdetails",
  "pk": 43,
  "fields": {
    "wallet": 5,
    "answer": 43,
    "price": 0,
    "create_at": "2026-04-26T12:18:42.594Z",
    "is_active": true
  }
},
{
  "model": "sanatorium.walletdetails",
  "pk": 44,
  "fields": {
    "wallet": 5,
    "answer": 44,
    "price": 0,
    "create_at": "2026-04-26T12:18:57.519Z",
    "is_active": true
  }
},
{
  "model": "sanatorium.walletdetails",
  "pk": 45,
  "fields": {
    "wallet": 5,
    "answer": 45,
    "price": 0,
    "create_at": "2026-04-26T12:19:17.724Z",
    "is_active": true
  }
},
{
  "model": "sanatorium.walletdetails",
  "pk": 46,
  "fields": {
    "wallet": 5,
    "answer": 46,
    "price": 0,
    "create_at": "2026-04-26T12:19:37.439Z",
    "is_active": true
  }
},
{
  "model": "sanatorium.walletdetails",
  "pk": 47,
  "fields": {
    "wallet": 5,
    "answer": 47,
    "price": 0,
    "create_at": "2026-04-26T12:19:57.528Z",
    "is_active": true
  }
},
{
  "model": "sanatorium.walletdetails",
  "pk": 48,
  "fields": {
    "wallet": 5,
    "answer": 48,
    "price": 0,
    "create_at": "2026-04-26T12:20:18.604Z",
    "is_active": true
  }
},
{
  "model": "sanatorium.walletdetails",
  "pk": 49,
  "fields": {
    "wallet": 5,
    "answer": 49,
    "price": 0,
    "create_at": "2026-04-26T12:21:12.133Z",
    "is_active": true
  }
},
{
  "model": "sanatorium.walletdetails",
  "pk": 50,
  "fields": {
    "wallet": 5,
    "answer": 50,
    "price": 0,
    "create_at": "2026-04-26T12:21:26.215Z",
    "is_active": true
  }
},
{
  "model": "sanatorium.walletdetails",
  "pk": 51,
  "fields": {
    "wallet": 5,
    "answer": 51,
    "price": 0,
    "create_at": "2026-04-26T12:22:06.366Z",
    "is_active": true
  }
},
{
  "model": "sanatorium.walletdetails",
  "pk": 52,
  "fields": {
    "wallet": 5,
    "answer": 52,
    "price": 0,
    "create_at": "2026-04-26T12:22:54.461Z",
    "is_active": true
  }
},
{
  "model": "sanatorium.walletdetails",
  "pk": 53,
  "fields": {
    "wallet": 5,
    "answer": 53,
    "price": 0,
    "create_at": "2026-04-26T12:23:12.759Z",
    "is_active": true
  }
},
{
  "model": "sanatorium.walletdetails",
  "pk": 54,
  "fields": {
    "wallet": 5,
    "answer": 54,
    "price": 0,
    "create_at": "2026-04-26T12:23:48.343Z",
    "is_active": true
  }
},
{
  "model": "sanatorium.walletdetails",
  "pk": 55,
  "fields": {
    "wallet": 5,
    "answer": 55,
    "price": 0,
    "create_at": "2026-04-26T12:24:26.092Z",
    "is_active": true
  }
},
{
  "model": "sanatorium.walletdetails",
  "pk": 56,
  "fields": {
    "wallet": 5,
    "answer": 56,
    "price": 0,
    "create_at": "2026-04-26T12:24:40.801Z",
    "is_active": true
  }
},
{
  "model": "sanatorium.walletdetails",
  "pk": 57,
  "fields": {
    "wallet": 5,
    "answer": 57,
    "price": 0,
    "create_at": "2026-04-26T12:24:54.455Z",
    "is_active": true
  }
},
{
  "model": "sanatorium.walletdetails",
  "pk": 58,
  "fields": {
    "wallet": 5,
    "answer": 58,
    "price": 0,
    "create_at": "2026-04-26T12:25:06.630Z",
    "is_active": true
  }
},
{
  "model": "sanatorium.walletdetails",
  "pk": 59,
  "fields": {
    "wallet": 5,
    "answer": 59,
    "price": 0,
    "create_at": "2026-04-26T12:25:20.084Z",
    "is_active": true
  }
},
{
  "model": "sanatorium.walletdetails",
  "pk": 60,
  "fields": {
    "wallet": 5,
    "answer": 60,
    "price": 0,
    "create_at": "2026-04-26T12:25:34.255Z",
    "is_active": true
  }
},
{
  "model": "sanatorium.walletdetails",
  "pk": 61,
  "fields": {
    "wallet": 5,
    "answer": 61,
    "price": 0,
    "create_at": "2026-04-26T12:26:08.994Z",
    "is_active": true
  }
},
{
  "model": "sitesetting.contactus",
  "pk": 1,
  "fields": {
    "subject": "123",
    "name": "mex",
    "phone": "0937 306 1991",
    "message": "123",
    "admin_read": false
  }
},
{
  "model": "sitesetting.site",
  "pk": 1,
  "fields": {
    "addr": "یزد",
    "email": "aghilia695@gmail.com",
    "name": "سورنا اکادمی",
    "tag": "sorna",
    "work_hour": "۸ - ۲۰ هر روز",
    "short_description": "123",
    "copyright": "© 1405 سورنا . تمام حقوق محفوظ است.",
    "instagram_link": "google.com",
    "telegram_link": "google.com",
    "eitaa_link": "https://eitaa.com/sooorna",
    "active_user": "10K+",
    "number_questions": "10K+",
    "taken_exams": "10K+",
    "user_happies": "98%",
    "force_to_login_with_otp": true,
    "is_active": true,
    "active_blog": true,
    "active_qbank": true,
    "active_registering": true,
    "active_login_otp": false,
    "active_login_password": true,
    "active_forgot_password": false,
    "force_to_message_verify": false,
    "message_info": "سلام دوست عزیز",
    "message_warning": "به گروه آموزش سورنا خوش آمدی",
    "message_success": null,
    "message_danger": "گروه آموزشی سورنا اولین و بزرگترین برگزار کننده آموزن های تشریحی  هماهنگ در کشور",
    "logo": "site/logo/geSlCIkZzXOUXcgrMjLg1CO9lURh9liU883ovV5WSlTsOSo4wOyfWjq9T4FvAEYbxPFx0HR7-kR5rT_pur4A0X.jpg",
    "phone_number": "0903 601 4847",
    "description": "<p>123</p>"
  }
},
{
  "model": "qbank.questionpossible",
  "pk": 1,
  "fields": {
    "name": "آسان",
    "order": 1,
    "is_active": true
  }
},
{
  "model": "qbank.questionpossible",
  "pk": 2,
  "fields": {
    "name": "متوسط",
    "order": 1,
    "is_active": true
  }
},
{
  "model": "qbank.questionpossible",
  "pk": 3,
  "fields": {
    "name": "سخت",
    "order": 1,
    "is_active": true
  }
},
{
  "model": "qbank.questionpossible",
  "pk": 4,
  "fields": {
    "name": "چالشی",
    "order": 1,
    "is_active": true
  }
},
{
  "model": "qbank.questionbank",
  "pk": 1,
  "fields": {
    "possible": 2,
    "category": 2,
    "type_of_question": "همه",
    "name": "امتحان  نوبت دوم شیمی 3",
    "lesson": "شیمی 3",
    "description": "",
    "image": "",
    "pdf_file": "questions/Mt9sW9rHGsjDbzryTeRw4WFODTR1THgyL5z81dU2WgdcuSONmWWY6Mvu3YbVu8Xjd03AAHHl1AvBG6_3KyYulg.pdf",
    "has_options": false,
    "order": 1,
    "solving_time": 120,
    "is_active": true,
    "created_at": "2026-04-09T09:34:11.588Z"
  }
},
{
  "model": "qbank.questionbank",
  "pk": 3,
  "fields": {
    "possible": 2,
    "category": 1,
    "type_of_question": "همه",
    "name": "زیست شناسی 3",
    "lesson": "زیست3 نوبت دوم",
    "description": "",
    "image": "",
    "pdf_file": "questions/Zskc9WoKMoBpRMdmdGFZTfpjtgnOu5pl3wXqk4hjGW4WfFlwgQ48eAiyFcCllvTGEoI3iNmdkPY1mW_iESgQG2.pdf",
    "has_options": false,
    "order": 1,
    "solving_time": 120,
    "is_active": true,
    "created_at": "2026-04-09T14:51:41.564Z"
  }
},
{
  "model": "qbank.questionanswerkey",
  "pk": 1,
  "fields": {
    "question": 1,
    "type_of_answer": "",
    "description": null,
    "image": "",
    "pdf_file": "",
    "created_at": "2026-04-09T09:34:11.594Z"
  }
},
{
  "model": "qbank.questionanswerkey",
  "pk": 4,
  "fields": {
    "question": 3,
    "type_of_answer": "",
    "description": null,
    "image": "",
    "pdf_file": "",
    "created_at": "2026-04-09T14:51:41.569Z"
  }
},
{
  "model": "qbank.questionview",
  "pk": 1,
  "fields": {
    "question": 1,
    "ip": "5.127.252.37",
    "count": 16,
    "created_at": "2026-04-09T10:02:52.758Z"
  }
},
{
  "model": "qbank.questionview",
  "pk": 2,
  "fields": {
    "question": 1,
    "ip": "5.123.245.24",
    "count": 2,
    "created_at": "2026-04-09T11:38:00.740Z"
  }
},
{
  "model": "qbank.questionview",
  "pk": 4,
  "fields": {
    "question": 1,
    "ip": "91.251.30.132",
    "count": 1,
    "created_at": "2026-04-10T09:41:25.867Z"
  }
},
{
  "model": "qbank.questionview",
  "pk": 5,
  "fields": {
    "question": 1,
    "ip": "37.255.70.227",
    "count": 1,
    "created_at": "2026-04-19T08:21:46.141Z"
  }
},
{
  "model": "qbank.questionview",
  "pk": 6,
  "fields": {
    "question": 1,
    "ip": "37.156.152.5",
    "count": 1,
    "created_at": "2026-04-19T14:12:30.338Z"
  }
}
]
